timestamp,dept_id,node_id,active_users,cpu_utilization_pct,memory_usage_gb
2026-08-01 00:00:00,8,1,472,42.69,28.58
2026-08-01 00:00:00,9,2,264,35.61,13.47
2026-08-01 00:00:00,5,3,161,38.71,13.51
2026-08-01 00:00:00,2,4,163,15.92,19.88
2026-08-01 00:00:00,3,5,411,46.87,14.89
2026-08-01 01:00:00,4,1,246,28.02,23.12
2026-08-01 01:00:00,3,2,367,44.18,22.43
2026-08-01 01:00:00,6,3,201,33.98,22.63
2026-08-01 01:00:00,3,4,131,22.2,28.53
2026-08-01 01:00:00,9,5,162,15.22,24.2
2026-08-01 02:00:00,7,1,317,32.78,19.09
2026-08-01 02:00:00,2,2,243,31.19,8.85
2026-08-01 02:00:00,5,3,128,24.83,11.61
2026-08-01 02:00:00,7,4,145,22.48,30.49
2026-08-01 02:00:00,2,5,417,43.93,22.12
2026-08-01 03:00:00,2,1,248,30.28,22.12
2026-08-01 03:00:00,1,2,434,48.95,8.28
2026-08-01 03:00:00,3,3,194,38.49,8.02
2026-08-01 03:00:00,2,4,395,42.53,8.53
2026-08-01 03:00:00,1,5,363,44.12,28.13
2026-08-01 04:00:00,7,1,73,15.59,16.69
2026-08-01 04:00:00,2,2,393,40.36,27.07
2026-08-01 04:00:00,3,3,315,46.54,31.04
2026-08-01 04:00:00,3,4,203,20.95,27.68
2026-08-01 04:00:00,7,5,328,40.41,22.08
2026-08-01 05:00:00,8,1,398,37.59,22.95
2026-08-01 05:00:00,8,2,100,19.07,9.81
2026-08-01 05:00:00,2,3,73,17.23,24.5
2026-08-01 05:00:00,9,4,338,33.94,24.99
2026-08-01 05:00:00,8,5,217,27.41,13.96
2026-08-01 06:00:00,8,1,464,44.06,22.68
2026-08-01 06:00:00,1,2,312,40.5,28.58
2026-08-01 06:00:00,9,3,347,27.73,13.72
2026-08-01 06:00:00,1,4,100,21.05,13.65
2026-08-01 06:00:00,3,5,197,21.8,26.13
2026-08-01 07:00:00,8,1,116,23.33,12.32
2026-08-01 07:00:00,6,2,352,34.84,20.6
2026-08-01 07:00:00,6,3,104,19.65,21.25
2026-08-01 07:00:00,4,4,224,31.74,16.37
2026-08-01 07:00:00,1,5,230,20.85,12.85
2026-08-01 08:00:00,3,1,305,34.36,13.14
2026-08-01 08:00:00,6,2,101,24.92,12.66
2026-08-01 08:00:00,9,3,299,41.47,17.92
2026-08-01 08:00:00,7,4,141,26.87,10.06
2026-08-01 08:00:00,2,5,305,38.19,16.85
2026-08-01 09:00:00,9,1,133,22.89,15.13
2026-08-01 09:00:00,6,2,175,18.08,10.82
2026-08-01 09:00:00,4,3,443,32.5,8.64
2026-08-01 09:00:00,1,4,185,23.99,22.22
2026-08-01 09:00:00,4,5,316,40.52,10.69
2026-08-01 10:00:00,9,1,597,62.49,18.28
2026-08-01 10:00:00,6,2,390,62.74,30.53
2026-08-01 10:00:00,4,3,446,75.86,15.21
2026-08-01 10:00:00,2,4,1174,88.16,29.64
2026-08-01 10:00:00,1,5,546,85.78,21.16
2026-08-01 11:00:00,6,1,989,88.79,16.3
2026-08-01 11:00:00,1,2,1080,86.5,30.23
2026-08-01 11:00:00,7,3,657,81.77,9.84
2026-08-01 11:00:00,9,4,813,73.1,12.37
2026-08-01 11:00:00,5,5,768,59.68,8.46
2026-08-01 12:00:00,1,1,707,78.48,10.88
2026-08-01 12:00:00,1,2,467,59.24,12.11
2026-08-01 12:00:00,4,3,386,78.18,24.69
2026-08-01 12:00:00,5,4,611,46.95,26.99
2026-08-01 12:00:00,2,5,641,50.02,19.52
2026-08-01 13:00:00,6,1,904,65.18,12.71
2026-08-01 13:00:00,3,2,566,70.07,27.74
2026-08-01 13:00:00,5,3,1121,84.61,18.03
2026-08-01 13:00:00,3,4,556,47.96,12.32
2026-08-01 13:00:00,6,5,424,79.71,18.5
2026-08-01 14:00:00,2,1,617,75.12,23.52
2026-08-01 14:00:00,4,2,910,85.12,25.14
2026-08-01 14:00:00,5,3,637,85.38,31.83
2026-08-01 14:00:00,1,4,372,59.87,24.76
2026-08-01 14:00:00,6,5,360,64.48,31.96
2026-08-01 15:00:00,2,1,845,76.08,19.2
2026-08-01 15:00:00,7,2,434,87.37,8.69
2026-08-01 15:00:00,1,3,603,50.33,20.92
2026-08-01 15:00:00,2,4,334,61.87,21.51
2026-08-01 15:00:00,6,5,701,64.71,27.23
2026-08-01 16:00:00,8,1,145,20.65,17.1
2026-08-01 16:00:00,3,2,173,28.13,12.99
2026-08-01 16:00:00,1,3,117,14.99,29.8
2026-08-01 16:00:00,6,4,121,17.69,14.58
2026-08-01 16:00:00,7,5,350,31.46,28.05
2026-08-01 17:00:00,4,1,201,36.85,15.68
2026-08-01 17:00:00,6,2,201,23.15,30.42
2026-08-01 17:00:00,7,3,135,26.65,31.32
2026-08-01 17:00:00,6,4,286,41.2,31.78
2026-08-01 17:00:00,9,5,210,32.95,14.76
2026-08-01 18:00:00,5,1,193,32.0,15.4
2026-08-01 18:00:00,6,2,125,14.13,31.74
2026-08-01 18:00:00,1,3,198,36.05,8.44
2026-08-01 18:00:00,6,4,337,33.83,19.15
2026-08-01 18:00:00,6,5,144,14.72,15.94
2026-08-01 19:00:00,3,1,184,26.82,31.42
2026-08-01 19:00:00,9,2,79,23.05,27.3
2026-08-01 19:00:00,1,3,181,22.72,30.07
2026-08-01 19:00:00,7,4,72,14.92,22.02
2026-08-01 19:00:00,6,5,183,24.51,31.4
2026-08-01 20:00:00,6,1,269,37.96,14.21
2026-08-01 20:00:00,3,2,112,21.6,29.57
2026-08-01 20:00:00,8,3,246,46.77,24.41
2026-08-01 20:00:00,3,4,129,16.39,15.51
2026-08-01 20:00:00,1,5,133,26.12,16.37
2026-08-01 21:00:00,9,1,138,32.23,20.18
2026-08-01 21:00:00,3,2,280,37.85,23.56
2026-08-01 21:00:00,4,3,141,12.12,20.7
2026-08-01 21:00:00,1,4,160,16.12,13.91
2026-08-01 21:00:00,1,5,527,39.23,21.86
2026-08-01 22:00:00,2,1,322,34.98,14.76
2026-08-01 22:00:00,9,2,141,26.49,21.12
2026-08-01 22:00:00,5,3,90,16.39,22.29
2026-08-01 22:00:00,9,4,297,42.31,22.6
2026-08-01 22:00:00,9,5,356,43.33,9.8
2026-08-01 23:00:00,3,1,266,26.32,14.64
2026-08-01 23:00:00,6,2,430,32.94,18.1
2026-08-01 23:00:00,7,3,215,33.07,14.44
2026-08-01 23:00:00,8,4,355,39.5,14.48
2026-08-01 23:00:00,4,5,166,22.2,28.15
2026-08-02 00:00:00,2,1,249,19.26,24.28
2026-08-02 00:00:00,8,2,474,35.05,18.42
2026-08-02 00:00:00,7,3,175,30.52,12.47
2026-08-02 00:00:00,1,4,294,26.2,31.8
2026-08-02 00:00:00,4,5,192,30.23,26.52
2026-08-02 01:00:00,7,1,148,33.9,13.55
2026-08-02 01:00:00,5,2,193,26.83,19.45
2026-08-02 01:00:00,3,3,176,33.73,12.41
2026-08-02 01:00:00,5,4,132,17.09,24.98
2026-08-02 01:00:00,4,5,294,39.34,30.58
2026-08-02 02:00:00,9,1,102,22.81,28.75
2026-08-02 02:00:00,5,2,422,31.12,29.0
2026-08-02 02:00:00,2,3,296,24.5,18.42
2026-08-02 02:00:00,8,4,135,15.36,11.11
2026-08-02 02:00:00,5,5,432,40.52,22.31
2026-08-02 03:00:00,7,1,244,18.52,26.78
2026-08-02 03:00:00,7,2,165,24.92,25.36
2026-08-02 03:00:00,2,3,130,26.14,14.28
2026-08-02 03:00:00,7,4,266,32.94,21.84
2026-08-02 03:00:00,3,5,264,21.67,27.45
2026-08-02 04:00:00,2,1,313,26.0,26.59
2026-08-02 04:00:00,7,2,264,42.92,12.76
2026-08-02 04:00:00,1,3,165,21.39,13.9
2026-08-02 04:00:00,8,4,285,22.92,12.51
2026-08-02 04:00:00,8,5,393,36.64,10.41
2026-08-02 05:00:00,4,1,354,45.35,31.77
2026-08-02 05:00:00,2,2,150,30.36,28.08
2026-08-02 05:00:00,3,3,323,25.81,24.95
2026-08-02 05:00:00,9,4,177,18.65,15.69
2026-08-02 05:00:00,5,5,256,33.56,8.84
2026-08-02 06:00:00,2,1,377,40.09,29.81
2026-08-02 06:00:00,5,2,446,37.5,14.86
2026-08-02 06:00:00,4,3,108,22.22,20.07
2026-08-02 06:00:00,5,4,335,43.28,30.3
2026-08-02 06:00:00,3,5,460,37.14,22.12
2026-08-02 07:00:00,3,1,251,20.91,13.53
2026-08-02 07:00:00,3,2,154,12.52,19.71
2026-08-02 07:00:00,6,3,419,42.03,31.89
2026-08-02 07:00:00,5,4,467,44.49,8.68
2026-08-02 07:00:00,2,5,75,15.46,28.44
2026-08-02 08:00:00,8,1,475,49.42,8.53
2026-08-02 08:00:00,2,2,117,15.98,27.61
2026-08-02 08:00:00,6,3,343,26.92,26.62
2026-08-02 08:00:00,8,4,154,34.99,25.93
2026-08-02 08:00:00,6,5,205,43.21,16.09
2026-08-02 09:00:00,9,1,203,44.05,23.24
2026-08-02 09:00:00,1,2,161,15.41,31.97
2026-08-02 09:00:00,7,3,204,24.9,11.48
2026-08-02 09:00:00,2,4,156,25.19,25.72
2026-08-02 09:00:00,6,5,66,16.9,31.26
2026-08-02 10:00:00,8,1,288,57.64,30.13
2026-08-02 10:00:00,5,2,643,70.19,26.89
2026-08-02 10:00:00,7,3,777,70.08,17.1
2026-08-02 10:00:00,1,4,816,79.17,22.13
2026-08-02 10:00:00,2,5,1057,75.42,16.93
2026-08-02 11:00:00,9,1,409,67.05,20.58
2026-08-02 11:00:00,6,2,844,79.76,8.21
2026-08-02 11:00:00,2,3,439,60.34,16.96
2026-08-02 11:00:00,9,4,475,80.37,19.84
2026-08-02 11:00:00,2,5,413,65.74,8.78
2026-08-02 12:00:00,9,1,645,54.14,8.21
2026-08-02 12:00:00,9,2,947,80.86,22.47
2026-08-02 12:00:00,8,3,793,64.83,13.28
2026-08-02 12:00:00,3,4,671,71.08,29.34
2026-08-02 12:00:00,8,5,860,91.43,27.0
2026-08-02 13:00:00,1,1,918,74.22,29.63
2026-08-02 13:00:00,3,2,1068,92.96,25.49
2026-08-02 13:00:00,6,3,393,78.44,20.96
2026-08-02 13:00:00,1,4,564,62.08,13.58
2026-08-02 13:00:00,4,5,642,57.25,27.11
2026-08-02 14:00:00,6,1,915,84.61,28.62
2026-08-02 14:00:00,6,2,520,44.96,29.97
2026-08-02 14:00:00,7,3,738,64.39,30.64
2026-08-02 14:00:00,2,4,664,77.74,13.06
2026-08-02 14:00:00,6,5,309,51.37,28.55
2026-08-02 15:00:00,9,1,387,72.31,11.65
2026-08-02 15:00:00,5,2,422,69.05,28.74
2026-08-02 15:00:00,1,3,393,61.97,29.97
2026-08-02 15:00:00,9,4,665,64.94,17.21
2026-08-02 15:00:00,4,5,555,61.46,16.6
2026-08-02 16:00:00,9,1,148,24.52,11.29
2026-08-02 16:00:00,4,2,232,24.26,9.87
2026-08-02 16:00:00,4,3,222,41.1,17.67
2026-08-02 16:00:00,9,4,255,36.58,8.89
2026-08-02 16:00:00,6,5,164,18.95,20.35
2026-08-02 17:00:00,6,1,136,14.7,19.68
2026-08-02 17:00:00,6,2,289,40.13,17.73
2026-08-02 17:00:00,9,3,444,34.73,20.76
2026-08-02 17:00:00,2,4,64,13.74,8.99
2026-08-02 17:00:00,9,5,220,25.15,17.26
2026-08-02 18:00:00,3,1,136,24.88,14.76
2026-08-02 18:00:00,3,2,167,37.36,31.72
2026-08-02 18:00:00,5,3,329,35.59,19.81
2026-08-02 18:00:00,7,4,89,19.93,27.03
2026-08-02 18:00:00,6,5,436,34.52,21.65
2026-08-02 19:00:00,3,1,174,22.64,24.27
2026-08-02 19:00:00,7,2,417,42.54,26.49
2026-08-02 19:00:00,3,3,139,22.14,20.79
2026-08-02 19:00:00,5,4,112,13.46,19.81
2026-08-02 19:00:00,3,5,100,19.46,25.47
2026-08-02 20:00:00,6,1,283,31.29,28.13
2026-08-02 20:00:00,1,2,302,32.64,29.51
2026-08-02 20:00:00,2,3,289,27.73,27.25
2026-08-02 20:00:00,4,4,301,44.67,11.12
2026-08-02 20:00:00,4,5,54,16.59,13.26
2026-08-02 21:00:00,6,1,121,22.16,23.76
2026-08-02 21:00:00,8,2,271,31.62,15.24
2026-08-02 21:00:00,8,3,162,29.44,15.81
2026-08-02 21:00:00,5,4,258,42.53,28.65
2026-08-02 21:00:00,3,5,165,20.89,30.51
2026-08-02 22:00:00,8,1,467,41.44,24.79
2026-08-02 22:00:00,2,2,247,29.19,25.02
2026-08-02 22:00:00,9,3,252,46.92,13.3
2026-08-02 22:00:00,8,4,298,22.96,10.26
2026-08-02 22:00:00,5,5,278,26.73,16.43
2026-08-02 23:00:00,3,1,154,17.19,12.1
2026-08-02 23:00:00,1,2,375,35.58,21.51
2026-08-02 23:00:00,6,3,184,19.2,21.34
2026-08-02 23:00:00,3,4,130,13.06,17.46
2026-08-02 23:00:00,2,5,398,37.6,28.47
2026-08-03 00:00:00,8,1,169,29.85,8.66
2026-08-03 00:00:00,5,2,207,31.76,26.43
2026-08-03 00:00:00,4,3,234,42.95,27.2
2026-08-03 00:00:00,1,4,258,20.3,25.53
2026-08-03 00:00:00,4,5,350,29.66,29.4
2026-08-03 01:00:00,8,1,244,26.49,24.66
2026-08-03 01:00:00,3,2,225,25.59,28.72
2026-08-03 01:00:00,5,3,412,31.52,31.34
2026-08-03 01:00:00,7,4,283,27.35,31.35
2026-08-03 01:00:00,8,5,319,25.45,22.53
2026-08-03 02:00:00,1,1,121,21.22,25.51
2026-08-03 02:00:00,3,2,116,23.73,9.98
2026-08-03 02:00:00,1,3,56,14.28,8.69
2026-08-03 02:00:00,5,4,317,24.25,24.8
2026-08-03 02:00:00,4,5,227,34.2,16.14
2026-08-03 03:00:00,7,1,188,28.97,24.22
2026-08-03 03:00:00,7,2,431,31.22,9.04
2026-08-03 03:00:00,1,3,200,18.32,28.08
2026-08-03 03:00:00,2,4,117,22.08,16.94
2026-08-03 03:00:00,2,5,459,36.03,8.74
2026-08-03 04:00:00,3,1,475,34.81,27.96
2026-08-03 04:00:00,6,2,370,31.12,21.79
2026-08-03 04:00:00,8,3,371,34.28,11.64
2026-08-03 04:00:00,1,4,155,19.33,13.59
2026-08-03 04:00:00,7,5,65,13.16,30.92
2026-08-03 05:00:00,9,1,279,44.26,25.56
2026-08-03 05:00:00,3,2,309,25.54,19.25
2026-08-03 05:00:00,5,3,269,29.39,23.45
2026-08-03 05:00:00,2,4,151,22.88,31.51
2026-08-03 05:00:00,1,5,90,20.92,14.04
2026-08-03 06:00:00,6,1,270,44.0,15.03
2026-08-03 06:00:00,8,2,231,36.6,21.52
2026-08-03 06:00:00,9,3,196,16.13,29.73
2026-08-03 06:00:00,8,4,284,35.3,16.43
2026-08-03 06:00:00,8,5,189,36.98,13.45
2026-08-03 07:00:00,8,1,245,31.32,30.24
2026-08-03 07:00:00,9,2,98,11.58,18.72
2026-08-03 07:00:00,1,3,278,27.19,15.81
2026-08-03 07:00:00,4,4,147,27.92,24.58
2026-08-03 07:00:00,7,5,66,20.22,27.02
2026-08-03 08:00:00,8,1,317,46.12,23.77
2026-08-03 08:00:00,6,2,122,16.69,27.3
2026-08-03 08:00:00,7,3,333,42.21,27.41
2026-08-03 08:00:00,4,4,281,41.56,9.84
2026-08-03 08:00:00,8,5,59,15.63,25.39
2026-08-03 09:00:00,1,1,364,36.9,9.89
2026-08-03 09:00:00,5,2,348,32.66,22.66
2026-08-03 09:00:00,1,3,238,24.22,29.34
2026-08-03 09:00:00,3,4,428,43.55,20.62
2026-08-03 09:00:00,3,5,403,34.72,20.63
2026-08-03 10:00:00,7,1,1020,76.76,28.19
2026-08-03 10:00:00,7,2,713,76.17,25.02
2026-08-03 10:00:00,7,3,501,68.71,23.18
2026-08-03 10:00:00,4,4,426,44.73,31.12
2026-08-03 10:00:00,2,5,533,57.75,22.78
2026-08-03 11:00:00,5,1,461,64.57,14.63
2026-08-03 11:00:00,1,2,747,54.78,30.04
2026-08-03 11:00:00,9,3,945,70.84,31.43
2026-08-03 11:00:00,9,4,671,62.47,9.83
2026-08-03 11:00:00,4,5,486,57.87,30.35
2026-08-03 12:00:00,2,1,834,69.06,21.22
2026-08-03 12:00:00,7,2,557,60.3,14.19
2026-08-03 12:00:00,8,3,407,53.53,20.34
2026-08-03 12:00:00,6,4,385,62.89,18.97
2026-08-03 12:00:00,5,5,1071,76.43,21.98
2026-08-03 13:00:00,8,1,557,66.18,9.57
2026-08-03 13:00:00,1,2,486,60.89,26.54
2026-08-03 13:00:00,6,3,648,49.74,21.94
2026-08-03 13:00:00,3,4,645,67.54,11.18
2026-08-03 13:00:00,9,5,521,73.98,23.08
2026-08-03 14:00:00,5,1,484,56.47,19.04
2026-08-03 14:00:00,5,2,500,49.58,10.99
2026-08-03 14:00:00,5,3,271,58.0,27.99
2026-08-03 14:00:00,6,4,235,47.72,20.82
2026-08-03 14:00:00,6,5,590,75.2,20.01
2026-08-03 15:00:00,1,1,480,58.87,15.6
2026-08-03 15:00:00,3,2,320,64.62,19.96
2026-08-03 15:00:00,2,3,721,61.43,12.94
2026-08-03 15:00:00,4,4,651,78.2,10.77
2026-08-03 15:00:00,9,5,575,56.12,16.55
2026-08-03 16:00:00,7,1,294,27.94,28.47
2026-08-03 16:00:00,3,2,111,16.79,22.25
2026-08-03 16:00:00,8,3,415,38.34,30.32
2026-08-03 16:00:00,2,4,366,35.27,9.16
2026-08-03 16:00:00,2,5,193,19.04,23.06
2026-08-03 17:00:00,1,1,528,39.98,8.97
2026-08-03 17:00:00,1,2,205,28.83,8.65
2026-08-03 17:00:00,2,3,134,14.95,14.82
2026-08-03 17:00:00,7,4,187,36.2,17.4
2026-08-03 17:00:00,5,5,241,36.31,16.53
2026-08-03 18:00:00,9,1,308,21.03,21.89
2026-08-03 18:00:00,3,2,116,17.03,29.36
2026-08-03 18:00:00,4,3,155,26.58,9.94
2026-08-03 18:00:00,5,4,318,24.44,17.2
2026-08-03 18:00:00,9,5,102,18.95,25.07
2026-08-03 19:00:00,6,1,188,27.8,21.69
2026-08-03 19:00:00,7,2,446,33.12,29.56
2026-08-03 19:00:00,3,3,215,29.84,22.72
2026-08-03 19:00:00,6,4,564,48.08,21.33
2026-08-03 19:00:00,7,5,457,36.4,18.14
2026-08-03 20:00:00,3,1,76,18.42,22.29
2026-08-03 20:00:00,6,2,164,21.3,23.82
2026-08-03 20:00:00,9,3,474,45.53,18.75
2026-08-03 20:00:00,2,4,292,36.72,18.02
2026-08-03 20:00:00,1,5,127,17.88,12.0
2026-08-03 21:00:00,3,1,183,35.47,19.33
2026-08-03 21:00:00,9,2,203,33.17,13.43
2026-08-03 21:00:00,8,3,100,20.67,24.95
2026-08-03 21:00:00,1,4,410,35.13,20.7
2026-08-03 21:00:00,5,5,376,45.77,13.87
2026-08-03 22:00:00,2,1,214,21.85,11.76
2026-08-03 22:00:00,4,2,211,23.21,22.42
2026-08-03 22:00:00,9,3,241,31.57,12.03
2026-08-03 22:00:00,9,4,187,21.81,8.35
2026-08-03 22:00:00,9,5,371,37.4,10.72
2026-08-03 23:00:00,1,1,138,24.89,13.18
2026-08-03 23:00:00,8,2,237,17.15,13.31
2026-08-03 23:00:00,1,3,117,15.29,20.04
2026-08-03 23:00:00,9,4,235,21.54,17.08
2026-08-03 23:00:00,1,5,419,47.35,26.52
2026-08-04 00:00:00,1,1,197,23.46,20.46
2026-08-04 00:00:00,6,2,84,18.39,8.73
2026-08-04 00:00:00,6,3,256,27.97,15.37
2026-08-04 00:00:00,4,4,191,28.9,10.87
2026-08-04 00:00:00,3,5,208,46.45,12.78
2026-08-04 01:00:00,6,1,319,36.07,14.81
2026-08-04 01:00:00,5,2,478,40.88,26.77
2026-08-04 01:00:00,8,3,511,42.25,28.44
2026-08-04 01:00:00,7,4,365,39.09,19.92
2026-08-04 01:00:00,4,5,174,17.22,11.25
2026-08-04 02:00:00,8,1,368,38.74,23.05
2026-08-04 02:00:00,6,2,112,24.81,14.81
2026-08-04 02:00:00,1,3,188,21.76,27.72
2026-08-04 02:00:00,8,4,239,19.25,24.62
2026-08-04 02:00:00,6,5,291,35.34,27.68
2026-08-04 03:00:00,6,1,316,32.61,26.76
2026-08-04 03:00:00,2,2,524,39.48,13.98
2026-08-04 03:00:00,2,3,181,28.72,13.17
2026-08-04 03:00:00,4,4,263,35.89,26.74
2026-08-04 03:00:00,4,5,247,44.13,17.73
2026-08-04 04:00:00,8,1,110,20.28,20.18
2026-08-04 04:00:00,2,2,110,16.9,22.12
2026-08-04 04:00:00,9,3,307,28.3,17.41
2026-08-04 04:00:00,7,4,128,29.48,26.81
2026-08-04 04:00:00,5,5,345,39.67,15.93
2026-08-04 05:00:00,4,1,148,14.6,23.58
2026-08-04 05:00:00,3,2,280,28.99,28.74
2026-08-04 05:00:00,9,3,196,38.07,10.4
2026-08-04 05:00:00,9,4,275,39.65,22.0
2026-08-04 05:00:00,4,5,154,21.84,30.16
2026-08-04 06:00:00,6,1,226,35.63,17.87
2026-08-04 06:00:00,3,2,148,21.84,24.64
2026-08-04 06:00:00,5,3,148,35.14,27.81
2026-08-04 06:00:00,7,4,244,40.81,27.47
2026-08-04 06:00:00,6,5,122,18.56,28.42
2026-08-04 07:00:00,8,1,233,26.1,12.34
2026-08-04 07:00:00,2,2,270,42.47,13.53
2026-08-04 07:00:00,9,3,143,25.7,24.02
2026-08-04 07:00:00,2,4,152,17.67,30.31
2026-08-04 07:00:00,2,5,165,24.2,24.59
2026-08-04 08:00:00,5,1,84,15.38,12.09
2026-08-04 08:00:00,2,2,487,45.65,18.85
2026-08-04 08:00:00,2,3,219,36.29,11.96
2026-08-04 08:00:00,7,4,346,25.15,10.77
2026-08-04 08:00:00,1,5,269,39.36,31.85
2026-08-04 09:00:00,5,1,198,27.19,15.99
2026-08-04 09:00:00,7,2,67,14.92,22.68
2026-08-04 09:00:00,5,3,241,36.25,20.8
2026-08-04 09:00:00,7,4,223,20.54,26.19
2026-08-04 09:00:00,7,5,219,25.33,26.88
2026-08-04 10:00:00,6,1,1156,84.62,14.95
2026-08-04 10:00:00,2,2,551,81.73,10.22
2026-08-04 10:00:00,5,3,1020,82.3,19.66
2026-08-04 10:00:00,7,4,520,49.32,21.83
2026-08-04 10:00:00,6,5,467,48.03,26.91
2026-08-04 11:00:00,1,1,498,51.47,22.83
2026-08-04 11:00:00,2,2,266,52.5,21.49
2026-08-04 11:00:00,6,3,648,70.65,20.35
2026-08-04 11:00:00,9,4,432,83.32,16.36
2026-08-04 11:00:00,5,5,652,80.6,16.62
2026-08-04 12:00:00,4,1,404,74.63,25.04
2026-08-04 12:00:00,2,2,454,73.87,23.85
2026-08-04 12:00:00,5,3,630,74.77,8.01
2026-08-04 12:00:00,9,4,1110,82.1,30.98
2026-08-04 12:00:00,1,5,407,59.35,27.22
2026-08-04 13:00:00,6,1,366,51.49,9.62
2026-08-04 13:00:00,4,2,717,69.46,21.67
2026-08-04 13:00:00,7,3,442,78.62,25.82
2026-08-04 13:00:00,7,4,424,85.26,11.59
2026-08-04 13:00:00,7,5,917,65.69,11.01
2026-08-04 14:00:00,3,1,843,74.39,17.63
2026-08-04 14:00:00,7,2,318,49.72,25.68
2026-08-04 14:00:00,8,3,281,50.27,10.14
2026-08-04 14:00:00,9,4,580,82.7,12.78
2026-08-04 14:00:00,8,5,382,69.76,19.06
2026-08-04 15:00:00,9,1,746,75.74,27.31
2026-08-04 15:00:00,7,2,229,44.44,22.75
2026-08-04 15:00:00,9,3,998,87.59,19.11
2026-08-04 15:00:00,5,4,556,59.38,28.64
2026-08-04 15:00:00,3,5,339,62.8,22.21
2026-08-04 16:00:00,7,1,172,30.07,19.52
2026-08-04 16:00:00,2,2,158,19.59,13.95
2026-08-04 16:00:00,2,3,98,26.03,19.96
2026-08-04 16:00:00,1,4,195,26.54,24.2
2026-08-04 16:00:00,8,5,280,40.46,25.29
2026-08-04 17:00:00,5,1,113,29.78,28.92
2026-08-04 17:00:00,7,2,101,18.29,30.54
2026-08-04 17:00:00,2,3,501,41.17,22.53
2026-08-04 17:00:00,4,4,159,22.85,20.63
2026-08-04 17:00:00,4,5,170,23.81,21.04
2026-08-04 18:00:00,7,1,417,32.5,18.53
2026-08-04 18:00:00,1,2,191,40.12,15.55
2026-08-04 18:00:00,7,3,334,38.67,14.85
2026-08-04 18:00:00,9,4,278,27.21,13.3
2026-08-04 18:00:00,2,5,142,28.89,31.24
2026-08-04 19:00:00,8,1,152,30.73,13.77
2026-08-04 19:00:00,2,2,342,35.31,31.36
2026-08-04 19:00:00,3,3,191,40.43,14.06
2026-08-04 19:00:00,3,4,264,42.52,25.4
2026-08-04 19:00:00,4,5,181,17.87,13.6
2026-08-04 20:00:00,1,1,108,11.11,10.02
2026-08-04 20:00:00,2,2,152,22.53,28.86
2026-08-04 20:00:00,4,3,211,31.51,26.65
2026-08-04 20:00:00,8,4,267,42.59,18.69
2026-08-04 20:00:00,1,5,268,39.63,24.61
2026-08-04 21:00:00,4,1,449,34.17,15.74
2026-08-04 21:00:00,7,2,230,43.15,31.12
2026-08-04 21:00:00,6,3,287,40.5,23.96
2026-08-04 21:00:00,1,4,131,17.38,18.78
2026-08-04 21:00:00,4,5,269,26.56,15.72
2026-08-04 22:00:00,9,1,341,37.09,13.64
2026-08-04 22:00:00,9,2,332,41.96,28.08
2026-08-04 22:00:00,7,3,87,18.15,21.17
2026-08-04 22:00:00,7,4,95,17.7,16.73
2026-08-04 22:00:00,6,5,252,35.01,12.48
2026-08-04 23:00:00,8,1,111,15.46,19.02
2026-08-04 23:00:00,8,2,314,34.14,30.8
2026-08-04 23:00:00,6,3,128,28.95,27.63
2026-08-04 23:00:00,3,4,309,34.55,21.92
2026-08-04 23:00:00,7,5,183,35.35,18.22
2026-08-05 00:00:00,7,1,228,33.65,18.16
2026-08-05 00:00:00,3,2,256,34.77,21.21
2026-08-05 00:00:00,6,3,137,18.01,25.23
2026-08-05 00:00:00,2,4,301,36.86,18.67
2026-08-05 00:00:00,4,5,257,26.3,23.83
2026-08-05 01:00:00,5,1,359,41.37,11.5
2026-08-05 01:00:00,8,2,239,20.1,30.4
2026-08-05 01:00:00,3,3,145,29.68,14.84
2026-08-05 01:00:00,6,4,574,43.74,14.86
2026-08-05 01:00:00,4,5,205,41.86,23.47
2026-08-05 02:00:00,9,1,144,28.2,26.99
2026-08-05 02:00:00,6,2,277,28.78,17.95
2026-08-05 02:00:00,7,3,94,20.5,16.72
2026-08-05 02:00:00,2,4,136,15.66,10.24
2026-08-05 02:00:00,8,5,232,35.42,28.17
2026-08-05 03:00:00,5,1,202,18.31,30.68
2026-08-05 03:00:00,4,2,258,36.62,24.51
2026-08-05 03:00:00,9,3,276,38.61,28.64
2026-08-05 03:00:00,7,4,196,23.56,22.2
2026-08-05 03:00:00,2,5,177,40.85,27.4
2026-08-05 04:00:00,1,1,244,26.06,13.44
2026-08-05 04:00:00,1,2,262,43.58,18.09
2026-08-05 04:00:00,9,3,69,15.17,13.59
2026-08-05 04:00:00,6,4,167,15.5,8.19
2026-08-05 04:00:00,8,5,131,21.67,8.12
2026-08-05 05:00:00,3,1,121,24.54,22.18
2026-08-05 05:00:00,6,2,474,47.2,30.01
2026-08-05 05:00:00,9,3,385,37.01,8.94
2026-08-05 05:00:00,8,4,228,37.19,13.95
2026-08-05 05:00:00,7,5,208,22.83,30.87
2026-08-05 06:00:00,5,1,194,30.2,10.12
2026-08-05 06:00:00,2,2,236,30.59,13.31
2026-08-05 06:00:00,3,3,201,31.97,14.22
2026-08-05 06:00:00,1,4,404,35.39,19.94
2026-08-05 06:00:00,3,5,347,42.56,29.36
2026-08-05 07:00:00,7,1,262,28.27,16.91
2026-08-05 07:00:00,1,2,268,42.66,15.87
2026-08-05 07:00:00,6,3,430,34.7,22.8
2026-08-05 07:00:00,6,4,245,24.81,14.86
2026-08-05 07:00:00,1,5,279,22.35,19.12
2026-08-05 08:00:00,3,1,150,27.67,14.51
2026-08-05 08:00:00,3,2,160,32.87,16.47
2026-08-05 08:00:00,6,3,171,22.81,16.29
2026-08-05 08:00:00,6,4,279,20.67,30.72
2026-08-05 08:00:00,7,5,499,46.13,31.92
2026-08-05 09:00:00,7,1,344,25.87,9.81
2026-08-05 09:00:00,3,2,272,31.9,28.28
2026-08-05 09:00:00,6,3,221,34.79,12.23
2026-08-05 09:00:00,1,4,178,26.38,24.37
2026-08-05 09:00:00,1,5,484,42.88,30.44
2026-08-05 10:00:00,6,1,529,89.15,12.05
2026-08-05 10:00:00,1,2,864,78.62,22.63
2026-08-05 10:00:00,5,3,501,55.16,11.09
2026-08-05 10:00:00,2,4,617,64.93,26.56
2026-08-05 10:00:00,9,5,658,82.09,26.49
2026-08-05 11:00:00,6,1,511,80.24,13.1
2026-08-05 11:00:00,4,2,685,60.22,31.66
2026-08-05 11:00:00,9,3,332,42.72,19.61
2026-08-05 11:00:00,3,4,517,70.29,23.76
2026-08-05 11:00:00,5,5,1029,86.55,12.39
2026-08-05 12:00:00,1,1,1028,79.36,14.56
2026-08-05 12:00:00,2,2,440,44.22,15.71
2026-08-05 12:00:00,5,3,468,60.98,12.53
2026-08-05 12:00:00,9,4,886,72.09,24.66
2026-08-05 12:00:00,4,5,813,74.9,17.52
2026-08-05 13:00:00,2,1,510,79.8,27.08
2026-08-05 13:00:00,5,2,259,42.02,8.84
2026-08-05 13:00:00,4,3,287,49.44,25.67
2026-08-05 13:00:00,8,4,803,79.07,19.95
2026-08-05 13:00:00,5,5,308,51.36,30.08
2026-08-05 14:00:00,2,1,701,56.24,31.05
2026-08-05 14:00:00,2,2,345,41.55,13.66
2026-08-05 14:00:00,1,3,666,82.94,14.72
2026-08-05 14:00:00,3,4,818,67.81,12.63
2026-08-05 14:00:00,4,5,705,86.01,20.63
2026-08-05 15:00:00,1,1,730,79.15,13.7
2026-08-05 15:00:00,3,2,565,45.72,11.95
2026-08-05 15:00:00,5,3,743,58.91,30.78
2026-08-05 15:00:00,2,4,498,48.91,24.4
2026-08-05 15:00:00,7,5,946,81.5,19.41
2026-08-05 16:00:00,1,1,215,21.39,16.06
2026-08-05 16:00:00,9,2,373,34.01,20.09
2026-08-05 16:00:00,6,3,172,22.52,9.0
2026-08-05 16:00:00,2,4,138,20.13,8.72
2026-08-05 16:00:00,7,5,212,33.07,21.2
2026-08-05 17:00:00,4,1,260,22.65,28.16
2026-08-05 17:00:00,9,2,258,37.41,28.91
2026-08-05 17:00:00,2,3,125,19.91,30.13
2026-08-05 17:00:00,6,4,186,20.54,20.93
2026-08-05 17:00:00,3,5,84,20.28,22.19
2026-08-05 18:00:00,5,1,162,34.18,20.54
2026-08-05 18:00:00,5,2,119,12.94,25.21
2026-08-05 18:00:00,9,3,149,26.42,15.15
2026-08-05 18:00:00,8,4,408,37.2,20.85
2026-08-05 18:00:00,5,5,82,20.19,23.85
2026-08-05 19:00:00,3,1,310,31.69,18.93
2026-08-05 19:00:00,9,2,289,47.71,16.43
2026-08-05 19:00:00,9,3,75,11.68,21.92
2026-08-05 19:00:00,2,4,204,43.35,13.31
2026-08-05 19:00:00,6,5,122,19.87,19.61
2026-08-05 20:00:00,5,1,170,38.03,22.24
2026-08-05 20:00:00,2,2,146,30.91,31.06
2026-08-05 20:00:00,1,3,184,15.42,11.79
2026-08-05 20:00:00,3,4,334,33.85,27.66
2026-08-05 20:00:00,4,5,259,36.78,22.48
2026-08-05 21:00:00,5,1,125,25.69,21.07
2026-08-05 21:00:00,1,2,298,40.31,25.57
2026-08-05 21:00:00,9,3,288,29.45,29.72
2026-08-05 21:00:00,2,4,221,20.95,12.68
2026-08-05 21:00:00,1,5,199,44.04,25.91
2026-08-05 22:00:00,9,1,89,22.74,10.66
2026-08-05 22:00:00,1,2,382,43.64,23.8
2026-08-05 22:00:00,5,3,337,38.15,11.75
2026-08-05 22:00:00,3,4,216,34.91,26.62
2026-08-05 22:00:00,8,5,429,38.81,20.42
2026-08-05 23:00:00,7,1,195,19.89,17.59
2026-08-05 23:00:00,3,2,104,15.38,13.66
2026-08-05 23:00:00,4,3,503,37.61,29.88
2026-08-05 23:00:00,5,4,387,26.77,29.1
2026-08-05 23:00:00,5,5,71,17.86,30.1
2026-08-06 00:00:00,6,1,370,39.1,18.15
2026-08-06 00:00:00,9,2,513,41.1,9.53
2026-08-06 00:00:00,3,3,144,26.87,17.52
2026-08-06 00:00:00,7,4,126,16.52,31.45
2026-08-06 00:00:00,8,5,310,43.94,16.34
2026-08-06 01:00:00,5,1,480,41.24,25.64
2026-08-06 01:00:00,3,2,154,19.21,21.55
2026-08-06 01:00:00,2,3,153,35.74,10.17
2026-08-06 01:00:00,8,4,367,40.06,16.18
2026-08-06 01:00:00,7,5,194,19.68,11.07
2026-08-06 02:00:00,6,1,184,18.15,27.11
2026-08-06 02:00:00,9,2,72,11.18,14.54
2026-08-06 02:00:00,3,3,242,30.77,13.96
2026-08-06 02:00:00,5,4,171,16.01,29.89
2026-08-06 02:00:00,9,5,212,22.72,19.1
2026-08-06 03:00:00,3,1,261,32.05,30.32
2026-08-06 03:00:00,7,2,162,26.84,25.69
2026-08-06 03:00:00,6,3,259,33.28,23.51
2026-08-06 03:00:00,2,4,137,27.5,30.27
2026-08-06 03:00:00,4,5,360,43.08,19.9
2026-08-06 04:00:00,5,1,131,24.02,18.09
2026-08-06 04:00:00,4,2,392,34.7,15.2
2026-08-06 04:00:00,2,3,250,45.7,17.43
2026-08-06 04:00:00,1,4,122,23.86,12.9
2026-08-06 04:00:00,1,5,137,17.99,26.7
2026-08-06 05:00:00,1,1,103,20.79,28.55
2026-08-06 05:00:00,8,2,209,19.15,22.84
2026-08-06 05:00:00,7,3,466,36.16,27.96
2026-08-06 05:00:00,2,4,252,25.45,10.68
2026-08-06 05:00:00,1,5,163,38.95,27.85
2026-08-06 06:00:00,1,1,187,24.92,25.8
2026-08-06 06:00:00,7,2,125,17.3,18.4
2026-08-06 06:00:00,8,3,170,15.76,14.32
2026-08-06 06:00:00,4,4,187,45.29,12.74
2026-08-06 06:00:00,4,5,97,15.63,22.04
2026-08-06 07:00:00,9,1,262,34.12,8.81
2026-08-06 07:00:00,7,2,207,36.74,30.32
2026-08-06 07:00:00,8,3,442,34.4,29.68
2026-08-06 07:00:00,6,4,416,39.33,26.75
2026-08-06 07:00:00,6,5,219,38.5,30.74
2026-08-06 08:00:00,5,1,137,36.22,9.5
2026-08-06 08:00:00,1,2,196,37.15,23.63
2026-08-06 08:00:00,3,3,174,17.44,13.46
2026-08-06 08:00:00,8,4,258,42.76,14.16
2026-08-06 08:00:00,7,5,203,38.92,22.66
2026-08-06 09:00:00,1,1,223,31.02,31.95
2026-08-06 09:00:00,8,2,167,39.93,26.11
2026-08-06 09:00:00,6,3,168,35.58,8.85
2026-08-06 09:00:00,9,4,313,39.74,17.67
2026-08-06 09:00:00,1,5,322,23.69,26.17
2026-08-06 10:00:00,5,1,704,66.06,20.91
2026-08-06 10:00:00,5,2,734,70.24,23.52
2026-08-06 10:00:00,1,3,914,76.59,16.92
2026-08-06 10:00:00,6,4,609,57.24,31.91
2026-08-06 10:00:00,8,5,1064,78.64,28.73
2026-08-06 11:00:00,8,1,905,84.3,18.35
2026-08-06 11:00:00,6,2,680,71.86,30.41
2026-08-06 11:00:00,5,3,672,79.6,24.37
2026-08-06 11:00:00,3,4,437,76.5,9.55
2026-08-06 11:00:00,4,5,735,76.29,28.7
2026-08-06 12:00:00,6,1,326,52.61,14.34
2026-08-06 12:00:00,8,2,945,66.18,30.44
2026-08-06 12:00:00,4,3,794,65.19,15.38
2026-08-06 12:00:00,7,4,1047,83.14,26.91
2026-08-06 12:00:00,2,5,723,67.53,10.05
2026-08-06 13:00:00,9,1,669,56.88,30.13
2026-08-06 13:00:00,6,2,525,63.35,21.37
2026-08-06 13:00:00,9,3,422,84.16,14.5
2026-08-06 13:00:00,8,4,1023,74.98,28.07
2026-08-06 13:00:00,9,5,355,62.84,16.64
2026-08-06 14:00:00,3,1,683,65.69,16.23
2026-08-06 14:00:00,9,2,856,71.66,13.58
2026-08-06 14:00:00,8,3,510,75.01,13.26
2026-08-06 14:00:00,7,4,670,78.83,31.79
2026-08-06 14:00:00,6,5,250,47.32,12.67
2026-08-06 15:00:00,3,1,586,75.77,19.97
2026-08-06 15:00:00,4,2,971,91.47,17.39
2026-08-06 15:00:00,9,3,388,63.43,30.13
2026-08-06 15:00:00,8,4,637,65.51,9.94
2026-08-06 15:00:00,6,5,941,78.32,26.22
2026-08-06 16:00:00,2,1,130,30.82,19.09
2026-08-06 16:00:00,8,2,181,16.8,29.8
2026-08-06 16:00:00,9,3,215,45.16,9.14
2026-08-06 16:00:00,2,4,209,26.5,24.8
2026-08-06 16:00:00,1,5,99,21.62,13.75
2026-08-06 17:00:00,7,1,389,37.48,15.95
2026-08-06 17:00:00,4,2,152,22.05,20.54
2026-08-06 17:00:00,2,3,270,39.64,8.01
2026-08-06 17:00:00,4,4,141,18.95,24.94
2026-08-06 17:00:00,7,5,442,38.48,10.69
2026-08-06 18:00:00,2,1,253,45.89,20.34
2026-08-06 18:00:00,3,2,171,15.76,15.79
2026-08-06 18:00:00,2,3,250,36.42,31.55
2026-08-06 18:00:00,8,4,273,44.19,31.37
2026-08-06 18:00:00,9,5,174,30.53,30.11
2026-08-06 19:00:00,1,1,369,33.84,10.18
2026-08-06 19:00:00,8,2,176,28.3,20.47
2026-08-06 19:00:00,6,3,225,46.34,13.64
2026-08-06 19:00:00,1,4,195,42.27,10.58
2026-08-06 19:00:00,7,5,391,35.36,20.46
2026-08-06 20:00:00,1,1,286,27.71,19.39
2026-08-06 20:00:00,2,2,306,25.23,30.94
2026-08-06 20:00:00,4,3,169,24.41,29.41
2026-08-06 20:00:00,7,4,247,29.09,31.73
2026-08-06 20:00:00,4,5,475,46.93,31.78
2026-08-06 21:00:00,2,1,295,41.45,24.03
2026-08-06 21:00:00,3,2,71,21.98,29.25
2026-08-06 21:00:00,1,3,239,24.77,31.27
2026-08-06 21:00:00,6,4,352,34.95,8.44
2026-08-06 21:00:00,7,5,444,45.24,19.93
2026-08-06 22:00:00,4,1,187,23.84,9.64
2026-08-06 22:00:00,4,2,371,41.04,18.65
2026-08-06 22:00:00,6,3,217,35.32,31.36
2026-08-06 22:00:00,2,4,402,32.47,8.68
2026-08-06 22:00:00,4,5,379,43.92,23.47
2026-08-06 23:00:00,2,1,113,17.88,26.43
2026-08-06 23:00:00,3,2,345,30.14,31.39
2026-08-06 23:00:00,2,3,124,23.74,17.82
2026-08-06 23:00:00,9,4,91,14.47,24.63
2026-08-06 23:00:00,7,5,192,26.4,30.29
2026-08-07 00:00:00,2,1,312,27.63,30.87
2026-08-07 00:00:00,7,2,153,21.97,20.76
2026-08-07 00:00:00,9,3,89,20.35,17.35
2026-08-07 00:00:00,6,4,183,23.97,9.05
2026-08-07 00:00:00,9,5,331,37.1,27.95
2026-08-07 01:00:00,9,1,208,22.24,11.23
2026-08-07 01:00:00,9,2,209,36.73,28.78
2026-08-07 01:00:00,7,3,257,26.9,24.78
2026-08-07 01:00:00,6,4,185,26.11,30.43
2026-08-07 01:00:00,2,5,85,16.17,25.39
2026-08-07 02:00:00,8,1,317,33.96,30.91
2026-08-07 02:00:00,3,2,172,33.87,15.12
2026-08-07 02:00:00,9,3,413,34.17,9.15
2026-08-07 02:00:00,4,4,143,17.79,29.12
2026-08-07 02:00:00,3,5,295,31.75,15.11
2026-08-07 03:00:00,8,1,163,31.6,19.75
2026-08-07 03:00:00,7,2,89,22.27,24.86
2026-08-07 03:00:00,8,3,142,14.88,25.23
2026-08-07 03:00:00,6,4,125,18.92,12.56
2026-08-07 03:00:00,2,5,177,38.83,17.18
2026-08-07 04:00:00,1,1,326,41.47,24.64
2026-08-07 04:00:00,2,2,153,19.2,8.88
2026-08-07 04:00:00,4,3,215,42.89,9.18
2026-08-07 04:00:00,3,4,139,14.37,30.31
2026-08-07 04:00:00,1,5,239,32.57,30.82
2026-08-07 05:00:00,2,1,295,24.69,25.29
2026-08-07 05:00:00,1,2,198,23.09,12.03
2026-08-07 05:00:00,1,3,333,44.73,9.21
2026-08-07 05:00:00,4,4,363,40.06,30.94
2026-08-07 05:00:00,6,5,129,22.85,8.1
2026-08-07 06:00:00,2,1,115,27.06,27.38
2026-08-07 06:00:00,8,2,152,30.28,23.95
2026-08-07 06:00:00,1,3,271,35.18,13.92
2026-08-07 06:00:00,2,4,173,24.58,31.32
2026-08-07 06:00:00,3,5,209,46.91,24.87
2026-08-07 07:00:00,5,1,152,21.36,28.0
2026-08-07 07:00:00,1,2,66,20.26,17.66
2026-08-07 07:00:00,7,3,300,45.32,19.1
2026-08-07 07:00:00,9,4,220,23.18,29.05
2026-08-07 07:00:00,5,5,193,39.6,16.21
2026-08-07 08:00:00,9,1,305,37.23,11.01
2026-08-07 08:00:00,6,2,242,17.59,27.28
2026-08-07 08:00:00,7,3,178,22.21,13.22
2026-08-07 08:00:00,1,4,257,18.95,15.1
2026-08-07 08:00:00,3,5,557,43.64,9.36
2026-08-07 09:00:00,2,1,225,31.47,26.52
2026-08-07 09:00:00,7,2,108,15.82,21.2
2026-08-07 09:00:00,2,3,154,36.14,18.57
2026-08-07 09:00:00,8,4,186,30.83,27.86
2026-08-07 09:00:00,4,5,114,11.08,9.93
2026-08-07 10:00:00,5,1,629,64.77,19.66
2026-08-07 10:00:00,9,2,568,58.1,14.23
2026-08-07 10:00:00,7,3,275,53.24,14.35
2026-08-07 10:00:00,3,4,1165,84.98,26.57
2026-08-07 10:00:00,8,5,864,89.81,29.36
2026-08-07 11:00:00,3,1,478,80.82,19.89
2026-08-07 11:00:00,8,2,548,49.94,19.63
2026-08-07 11:00:00,9,3,1031,80.93,19.22
2026-08-07 11:00:00,4,4,508,43.13,13.66
2026-08-07 11:00:00,1,5,506,48.8,19.43
2026-08-07 12:00:00,9,1,964,71.01,30.28
2026-08-07 12:00:00,9,2,698,56.94,17.84
2026-08-07 12:00:00,7,3,655,83.13,12.07
2026-08-07 12:00:00,5,4,664,74.68,22.49
2026-08-07 12:00:00,5,5,737,71.68,27.71
2026-08-07 13:00:00,9,1,611,55.67,16.75
2026-08-07 13:00:00,5,2,470,53.88,9.88
2026-08-07 13:00:00,8,3,653,57.2,29.88
2026-08-07 13:00:00,7,4,620,70.69,26.67
2026-08-07 13:00:00,2,5,928,78.9,22.49
2026-08-07 14:00:00,9,1,521,73.7,20.29
2026-08-07 14:00:00,3,2,498,50.82,30.98
2026-08-07 14:00:00,2,3,664,76.26,17.66
2026-08-07 14:00:00,1,4,931,73.55,25.61
2026-08-07 14:00:00,1,5,335,65.12,15.17
2026-08-07 15:00:00,5,1,849,85.56,29.69
2026-08-07 15:00:00,4,2,375,53.15,9.41
2026-08-07 15:00:00,8,3,440,71.42,9.85
2026-08-07 15:00:00,3,4,368,45.01,11.3
2026-08-07 15:00:00,8,5,1009,76.64,14.62
2026-08-07 16:00:00,8,1,456,49.72,15.55
2026-08-07 16:00:00,6,2,293,31.71,22.63
2026-08-07 16:00:00,6,3,118,16.43,23.06
2026-08-07 16:00:00,6,4,93,18.89,22.87
2026-08-07 16:00:00,9,5,431,37.58,29.36
2026-08-07 17:00:00,7,1,177,30.49,16.96
2026-08-07 17:00:00,9,2,417,35.88,19.88
2026-08-07 17:00:00,6,3,111,25.85,24.53
2026-08-07 17:00:00,8,4,173,32.64,25.93
2026-08-07 17:00:00,9,5,189,19.96,26.44
2026-08-07 18:00:00,8,1,351,42.16,15.52
2026-08-07 18:00:00,3,2,138,21.43,29.0
2026-08-07 18:00:00,1,3,79,21.06,8.92
2026-08-07 18:00:00,9,4,262,36.7,14.78
2026-08-07 18:00:00,3,5,263,29.72,24.69
2026-08-07 19:00:00,4,1,195,38.54,30.53
2026-08-07 19:00:00,1,2,466,41.48,31.5
2026-08-07 19:00:00,4,3,390,37.31,24.18
2026-08-07 19:00:00,7,4,240,35.25,22.15
2026-08-07 19:00:00,9,5,196,24.07,25.46
2026-08-07 20:00:00,4,1,138,24.48,24.24
2026-08-07 20:00:00,7,2,332,34.11,31.92
2026-08-07 20:00:00,6,3,187,32.26,10.21
2026-08-07 20:00:00,9,4,208,24.57,9.75
2026-08-07 20:00:00,8,5,267,26.72,19.3
2026-08-07 21:00:00,2,1,328,41.24,9.87
2026-08-07 21:00:00,5,2,142,33.24,22.45
2026-08-07 21:00:00,5,3,319,37.2,13.96
2026-08-07 21:00:00,3,4,150,21.73,17.07
2026-08-07 21:00:00,5,5,321,41.75,29.89
2026-08-07 22:00:00,4,1,139,21.66,19.57
2026-08-07 22:00:00,2,2,353,35.73,12.4
2026-08-07 22:00:00,8,3,73,22.04,27.26
2026-08-07 22:00:00,9,4,417,42.2,27.94
2026-08-07 22:00:00,4,5,115,16.41,19.95
2026-08-07 23:00:00,8,1,197,18.92,25.55
2026-08-07 23:00:00,8,2,157,22.04,26.05
2026-08-07 23:00:00,5,3,93,13.36,31.4
2026-08-07 23:00:00,5,4,300,31.2,21.65
2026-08-07 23:00:00,1,5,208,32.85,14.27
2026-08-08 00:00:00,4,1,261,37.46,15.51
2026-08-08 00:00:00,8,2,276,37.77,15.97
2026-08-08 00:00:00,5,3,181,16.35,8.11
2026-08-08 00:00:00,8,4,142,28.22,30.23
2026-08-08 00:00:00,3,5,559,41.73,11.02
2026-08-08 01:00:00,9,1,80,15.68,31.16
2026-08-08 01:00:00,9,2,242,23.04,31.43
2026-08-08 01:00:00,6,3,187,42.88,26.57
2026-08-08 01:00:00,8,4,346,25.4,30.79
2026-08-08 01:00:00,8,5,148,16.07,27.66
2026-08-08 02:00:00,8,1,328,38.88,10.79
2026-08-08 02:00:00,8,2,174,21.49,29.32
2026-08-08 02:00:00,2,3,223,39.04,20.67
2026-08-08 02:00:00,1,4,404,35.32,21.63
2026-08-08 02:00:00,3,5,345,40.59,30.78
2026-08-08 03:00:00,9,1,568,43.36,29.8
2026-08-08 03:00:00,1,2,362,44.09,8.17
2026-08-08 03:00:00,4,3,328,23.27,26.61
2026-08-08 03:00:00,3,4,114,13.82,11.85
2026-08-08 03:00:00,8,5,116,16.1,23.12
2026-08-08 04:00:00,4,1,125,24.3,21.7
2026-08-08 04:00:00,8,2,280,39.84,9.33
2026-08-08 04:00:00,6,3,157,15.1,14.23
2026-08-08 04:00:00,9,4,295,41.37,27.42
2026-08-08 04:00:00,2,5,305,24.61,19.23
2026-08-08 05:00:00,4,1,186,24.98,19.32
2026-08-08 05:00:00,1,2,411,37.02,24.37
2026-08-08 05:00:00,6,3,430,31.12,22.21
2026-08-08 05:00:00,6,4,221,40.29,11.32
2026-08-08 05:00:00,2,5,220,38.09,15.6
2026-08-08 06:00:00,3,1,272,44.25,20.39
2026-08-08 06:00:00,9,2,487,41.65,23.42
2026-08-08 06:00:00,7,3,371,39.66,30.42
2026-08-08 06:00:00,3,4,164,27.22,8.04
2026-08-08 06:00:00,4,5,152,29.25,27.19
2026-08-08 07:00:00,8,1,205,25.85,19.15
2026-08-08 07:00:00,5,2,112,21.85,25.37
2026-08-08 07:00:00,4,3,248,33.77,8.41
2026-08-08 07:00:00,3,4,429,40.45,18.8
2026-08-08 07:00:00,2,5,331,38.65,22.45
2026-08-08 08:00:00,5,1,209,25.75,10.39
2026-08-08 08:00:00,8,2,387,31.4,22.12
2026-08-08 08:00:00,9,3,275,24.04,21.57
2026-08-08 08:00:00,7,4,169,25.68,30.9
2026-08-08 08:00:00,9,5,240,27.83,22.51
2026-08-08 09:00:00,9,1,203,18.18,22.87
2026-08-08 09:00:00,8,2,206,19.83,26.8
2026-08-08 09:00:00,6,3,96,20.44,10.57
2026-08-08 09:00:00,3,4,542,43.55,19.03
2026-08-08 09:00:00,5,5,326,45.26,10.27
2026-08-08 10:00:00,6,1,496,54.85,31.5
2026-08-08 10:00:00,7,2,408,50.08,21.1
2026-08-08 10:00:00,1,3,551,58.44,15.85
2026-08-08 10:00:00,2,4,609,48.15,10.33
2026-08-08 10:00:00,8,5,429,72.28,19.88
2026-08-08 11:00:00,2,1,863,67.28,24.19
2026-08-08 11:00:00,4,2,791,72.91,25.56
2026-08-08 11:00:00,6,3,400,82.88,23.48
2026-08-08 11:00:00,7,4,994,71.27,24.52
2026-08-08 11:00:00,9,5,1080,74.18,15.48
2026-08-08 12:00:00,5,1,385,60.87,26.17
2026-08-08 12:00:00,2,2,290,45.26,12.0
2026-08-08 12:00:00,2,3,802,74.6,24.04
2026-08-08 12:00:00,6,4,636,57.28,26.17
2026-08-08 12:00:00,7,5,664,59.57,14.33
2026-08-08 13:00:00,1,1,542,64.72,22.75
2026-08-08 13:00:00,6,2,304,48.85,24.44
2026-08-08 13:00:00,5,3,846,79.0,23.72
2026-08-08 13:00:00,5,4,600,77.91,12.39
2026-08-08 13:00:00,5,5,397,80.52,22.41
2026-08-08 14:00:00,4,1,829,60.67,19.74
2026-08-08 14:00:00,4,2,536,54.81,12.83
2026-08-08 14:00:00,7,3,569,53.66,17.62
2026-08-08 14:00:00,1,4,516,74.19,22.32
2026-08-08 14:00:00,4,5,1035,78.44,12.68
2026-08-08 15:00:00,3,1,294,49.04,27.95
2026-08-08 15:00:00,2,2,651,54.07,31.14
2026-08-08 15:00:00,2,3,611,46.98,25.32
2026-08-08 15:00:00,6,4,563,44.42,8.45
2026-08-08 15:00:00,8,5,911,80.05,27.83
2026-08-08 16:00:00,7,1,110,14.68,30.75
2026-08-08 16:00:00,9,2,388,39.31,20.33
2026-08-08 16:00:00,9,3,366,39.8,30.63
2026-08-08 16:00:00,6,4,204,20.07,19.64
2026-08-08 16:00:00,2,5,369,49.34,25.05
2026-08-08 17:00:00,3,1,309,38.99,17.86
2026-08-08 17:00:00,8,2,295,27.08,11.99
2026-08-08 17:00:00,3,3,173,25.43,18.64
2026-08-08 17:00:00,4,4,200,33.01,28.08
2026-08-08 17:00:00,8,5,379,30.47,29.52
2026-08-08 18:00:00,2,1,189,41.99,20.21
2026-08-08 18:00:00,6,2,297,42.49,20.41
2026-08-08 18:00:00,4,3,161,33.72,16.36
2026-08-08 18:00:00,3,4,200,16.96,27.38
2026-08-08 18:00:00,3,5,144,15.65,9.18
2026-08-08 19:00:00,5,1,170,35.24,15.93
2026-08-08 19:00:00,5,2,516,44.26,29.87
2026-08-08 19:00:00,9,3,212,34.54,18.83
2026-08-08 19:00:00,1,4,77,18.08,21.98
2026-08-08 19:00:00,4,5,232,25.66,17.77
2026-08-08 20:00:00,6,1,193,30.1,20.75
2026-08-08 20:00:00,2,2,217,25.66,30.43
2026-08-08 20:00:00,5,3,173,32.24,16.89
2026-08-08 20:00:00,5,4,295,32.88,30.92
2026-08-08 20:00:00,4,5,321,42.32,12.39
2026-08-08 21:00:00,6,1,165,18.05,27.76
2026-08-08 21:00:00,6,2,245,19.57,30.23
2026-08-08 21:00:00,8,3,108,19.81,11.35
2026-08-08 21:00:00,8,4,323,30.13,19.0
2026-08-08 21:00:00,9,5,207,38.1,25.54
2026-08-08 22:00:00,5,1,173,18.06,21.94
2026-08-08 22:00:00,9,2,214,29.64,24.44
2026-08-08 22:00:00,8,3,141,28.36,22.55
2026-08-08 22:00:00,5,4,300,33.34,29.35
2026-08-08 22:00:00,9,5,320,30.35,14.73
2026-08-08 23:00:00,2,1,293,37.45,26.08
2026-08-08 23:00:00,4,2,315,37.36,19.81
2026-08-08 23:00:00,2,3,178,17.18,22.92
2026-08-08 23:00:00,5,4,368,47.18,27.64
2026-08-08 23:00:00,7,5,390,40.62,13.38
2026-08-09 00:00:00,5,1,216,32.83,17.58
2026-08-09 00:00:00,1,2,230,21.84,30.93
2026-08-09 00:00:00,6,3,155,29.31,24.55
2026-08-09 00:00:00,1,4,302,30.73,11.91
2026-08-09 00:00:00,9,5,207,30.33,17.39
2026-08-09 01:00:00,6,1,248,47.3,21.37
2026-08-09 01:00:00,1,2,123,17.85,10.38
2026-08-09 01:00:00,6,3,117,11.33,8.59
2026-08-09 01:00:00,9,4,276,29.04,8.62
2026-08-09 01:00:00,8,5,110,17.63,27.43
2026-08-09 02:00:00,1,1,147,22.56,29.17
2026-08-09 02:00:00,6,2,306,40.88,29.05
2026-08-09 02:00:00,9,3,128,24.72,21.46
2026-08-09 02:00:00,8,4,185,31.25,25.32
2026-08-09 02:00:00,3,5,370,34.5,23.25
2026-08-09 03:00:00,7,1,251,28.12,8.89
2026-08-09 03:00:00,3,2,222,26.21,19.4
2026-08-09 03:00:00,4,3,282,20.26,15.39
2026-08-09 03:00:00,6,4,284,24.3,13.46
2026-08-09 03:00:00,3,5,335,41.27,26.38
2026-08-09 04:00:00,9,1,252,31.67,19.56
2026-08-09 04:00:00,9,2,234,39.97,27.65
2026-08-09 04:00:00,6,3,462,44.94,22.09
2026-08-09 04:00:00,6,4,279,39.57,25.37
2026-08-09 04:00:00,4,5,452,32.83,9.86
2026-08-09 05:00:00,6,1,148,18.08,27.07
2026-08-09 05:00:00,8,2,247,36.72,15.81
2026-08-09 05:00:00,3,3,297,32.22,27.67
2026-08-09 05:00:00,9,4,346,33.14,17.2
2026-08-09 05:00:00,8,5,257,28.2,12.74
2026-08-09 06:00:00,5,1,132,12.4,19.02
2026-08-09 06:00:00,6,2,256,45.65,14.85
2026-08-09 06:00:00,9,3,272,38.65,29.72
2026-08-09 06:00:00,6,4,442,37.6,25.22
2026-08-09 06:00:00,4,5,257,34.2,21.22
2026-08-09 07:00:00,2,1,167,34.33,10.8
2026-08-09 07:00:00,3,2,281,26.64,28.27
2026-08-09 07:00:00,2,3,512,36.95,10.36
2026-08-09 07:00:00,1,4,111,17.14,8.37
2026-08-09 07:00:00,4,5,188,37.22,31.03
2026-08-09 08:00:00,3,1,318,31.6,23.66
2026-08-09 08:00:00,9,2,358,30.31,10.02
2026-08-09 08:00:00,2,3,518,40.49,11.39
2026-08-09 08:00:00,1,4,250,24.94,20.34
2026-08-09 08:00:00,8,5,219,25.12,15.44
2026-08-09 09:00:00,5,1,81,12.15,17.96
2026-08-09 09:00:00,2,2,346,34.08,8.06
2026-08-09 09:00:00,5,3,126,23.11,27.34
2026-08-09 09:00:00,5,4,127,23.37,14.4
2026-08-09 09:00:00,9,5,403,32.39,20.13
2026-08-09 10:00:00,8,1,703,69.55,23.42
2026-08-09 10:00:00,1,2,419,58.07,31.6
2026-08-09 10:00:00,7,3,1135,84.67,14.46
2026-08-09 10:00:00,2,4,527,79.08,29.53
2026-08-09 10:00:00,3,5,237,54.1,8.13
2026-08-09 11:00:00,2,1,720,75.64,23.21
2026-08-09 11:00:00,4,2,702,76.37,18.43
2026-08-09 11:00:00,4,3,713,58.12,23.33
2026-08-09 11:00:00,6,4,581,53.22,13.21
2026-08-09 11:00:00,2,5,481,77.15,31.81
2026-08-09 12:00:00,4,1,571,89.17,15.44
2026-08-09 12:00:00,2,2,784,60.96,14.0
2026-08-09 12:00:00,7,3,571,53.77,11.15
2026-08-09 12:00:00,7,4,353,75.41,13.78
2026-08-09 12:00:00,3,5,271,58.01,20.74
2026-08-09 13:00:00,6,1,898,84.79,25.53
2026-08-09 13:00:00,8,2,682,80.81,19.62
2026-08-09 13:00:00,9,3,733,76.58,17.54
2026-08-09 13:00:00,5,4,570,59.81,23.61
2026-08-09 13:00:00,9,5,842,87.55,23.85
2026-08-09 14:00:00,1,1,670,82.89,28.8
2026-08-09 14:00:00,8,2,569,63.93,31.35
2026-08-09 14:00:00,7,3,666,47.22,22.69
2026-08-09 14:00:00,1,4,393,56.21,23.37
2026-08-09 14:00:00,5,5,863,77.66,19.58
2026-08-09 15:00:00,1,1,497,81.36,8.88
2026-08-09 15:00:00,5,2,633,85.25,17.3
2026-08-09 15:00:00,7,3,739,64.88,25.31
2026-08-09 15:00:00,6,4,305,48.78,18.83
2026-08-09 15:00:00,8,5,620,48.6,23.93
2026-08-09 16:00:00,3,1,125,23.3,21.39
2026-08-09 16:00:00,3,2,449,39.71,14.98
2026-08-09 16:00:00,6,3,241,38.44,17.55
2026-08-09 16:00:00,9,4,252,28.92,17.06
2026-08-09 16:00:00,3,5,168,26.11,31.71
2026-08-09 17:00:00,8,1,265,37.69,16.24
2026-08-09 17:00:00,9,2,89,10.96,22.48
2026-08-09 17:00:00,3,3,313,27.69,10.51
2026-08-09 17:00:00,2,4,138,23.25,12.6
2026-08-09 17:00:00,8,5,368,47.64,28.63
2026-08-09 18:00:00,6,1,341,26.23,25.28
2026-08-09 18:00:00,6,2,149,24.2,27.55
2026-08-09 18:00:00,6,3,119,21.96,25.24
2026-08-09 18:00:00,6,4,154,15.48,15.92
2026-08-09 18:00:00,8,5,209,24.8,15.83
2026-08-09 19:00:00,1,1,92,18.8,23.34
2026-08-09 19:00:00,2,2,450,40.62,21.97
2026-08-09 19:00:00,3,3,121,27.24,26.11
2026-08-09 19:00:00,3,4,268,33.12,18.06
2026-08-09 19:00:00,2,5,93,22.87,17.93
2026-08-09 20:00:00,7,1,318,34.19,15.5
2026-08-09 20:00:00,2,2,121,13.94,25.24
2026-08-09 20:00:00,5,3,328,27.23,16.53
2026-08-09 20:00:00,9,4,269,21.65,10.89
2026-08-09 20:00:00,1,5,152,22.47,22.61
2026-08-09 21:00:00,3,1,196,13.81,30.46
2026-08-09 21:00:00,1,2,357,36.21,22.56
2026-08-09 21:00:00,7,3,212,29.89,9.41
2026-08-09 21:00:00,6,4,235,32.36,31.39
2026-08-09 21:00:00,2,5,316,43.88,22.07
2026-08-09 22:00:00,8,1,256,31.28,16.16
2026-08-09 22:00:00,3,2,143,14.37,21.61
2026-08-09 22:00:00,8,3,260,34.06,11.68
2026-08-09 22:00:00,7,4,139,20.22,28.0
2026-08-09 22:00:00,6,5,140,35.1,21.7
2026-08-09 23:00:00,1,1,418,32.66,23.76
2026-08-09 23:00:00,7,2,585,47.97,26.16
2026-08-09 23:00:00,1,3,171,13.45,11.74
2026-08-09 23:00:00,3,4,226,20.6,12.03
2026-08-09 23:00:00,8,5,411,31.16,29.24
2026-08-10 00:00:00,3,1,140,22.19,27.13
2026-08-10 00:00:00,5,2,179,27.27,30.55
2026-08-10 00:00:00,5,3,263,27.34,22.84
2026-08-10 00:00:00,7,4,473,44.74,27.25
2026-08-10 00:00:00,6,5,314,31.36,22.15
2026-08-10 01:00:00,6,1,120,19.14,18.66
2026-08-10 01:00:00,5,2,223,30.24,12.31
2026-08-10 01:00:00,4,3,109,13.12,17.6
2026-08-10 01:00:00,9,4,275,44.29,30.09
2026-08-10 01:00:00,1,5,186,20.48,20.59
2026-08-10 02:00:00,4,1,216,20.99,16.71
2026-08-10 02:00:00,1,2,297,47.8,26.05
2026-08-10 02:00:00,1,3,154,19.46,17.53
2026-08-10 02:00:00,4,4,182,23.98,25.25
2026-08-10 02:00:00,8,5,304,34.45,22.54
2026-08-10 03:00:00,4,1,106,13.17,25.18
2026-08-10 03:00:00,4,2,241,26.22,20.26
2026-08-10 03:00:00,3,3,190,29.6,14.92
2026-08-10 03:00:00,8,4,254,19.92,26.12
2026-08-10 03:00:00,8,5,109,23.07,26.9
2026-08-10 04:00:00,8,1,288,28.51,16.33
2026-08-10 04:00:00,7,2,61,12.71,29.01
2026-08-10 04:00:00,3,3,120,27.38,19.58
2026-08-10 04:00:00,7,4,143,33.22,18.58
2026-08-10 04:00:00,6,5,235,31.3,26.12
2026-08-10 05:00:00,1,1,69,19.37,28.65
2026-08-10 05:00:00,6,2,115,17.8,23.26
2026-08-10 05:00:00,8,3,150,30.72,14.9
2026-08-10 05:00:00,6,4,228,49.12,30.24
2026-08-10 05:00:00,7,5,384,30.14,15.71
2026-08-10 06:00:00,2,1,84,23.23,14.58
2026-08-10 06:00:00,7,2,284,33.86,10.42
2026-08-10 06:00:00,1,3,421,38.87,25.64
2026-08-10 06:00:00,3,4,395,36.72,14.34
2026-08-10 06:00:00,6,5,338,39.29,19.97
2026-08-10 07:00:00,1,1,137,16.92,22.77
2026-08-10 07:00:00,7,2,361,33.26,14.39
2026-08-10 07:00:00,5,3,189,23.82,12.12
2026-08-10 07:00:00,3,4,161,21.99,28.44
2026-08-10 07:00:00,9,5,108,20.46,20.9
2026-08-10 08:00:00,3,1,252,33.75,31.92
2026-08-10 08:00:00,6,2,285,37.39,9.36
2026-08-10 08:00:00,5,3,226,26.24,9.69
2026-08-10 08:00:00,1,4,501,44.98,11.34
2026-08-10 08:00:00,3,5,135,29.62,9.65
2026-08-10 09:00:00,6,1,418,36.77,17.54
2026-08-10 09:00:00,7,2,200,31.66,26.08
2026-08-10 09:00:00,4,3,159,27.3,28.42
2026-08-10 09:00:00,1,4,203,33.76,18.64
2026-08-10 09:00:00,5,5,249,18.81,27.74
2026-08-10 10:00:00,9,1,579,58.85,16.57
2026-08-10 10:00:00,8,2,603,66.15,29.33
2026-08-10 10:00:00,4,3,349,54.24,22.51
2026-08-10 10:00:00,8,4,409,41.94,20.93
2026-08-10 10:00:00,4,5,414,55.51,23.81
2026-08-10 11:00:00,6,1,349,57.56,13.78
2026-08-10 11:00:00,3,2,398,75.35,24.98
2026-08-10 11:00:00,4,3,689,92.13,31.9
2026-08-10 11:00:00,6,4,675,71.88,30.79
2026-08-10 11:00:00,2,5,1042,80.81,22.03
2026-08-10 12:00:00,3,1,995,91.85,13.11
2026-08-10 12:00:00,7,2,347,42.06,18.59
2026-08-10 12:00:00,1,3,449,86.49,26.4
2026-08-10 12:00:00,9,4,815,69.53,24.46
2026-08-10 12:00:00,6,5,517,79.76,13.71
2026-08-10 13:00:00,3,1,456,60.58,27.95
2026-08-10 13:00:00,5,2,435,58.69,28.04
2026-08-10 13:00:00,8,3,537,88.4,8.62
2026-08-10 13:00:00,3,4,669,90.16,18.42
2026-08-10 13:00:00,2,5,987,80.85,21.79
2026-08-10 14:00:00,2,1,906,77.68,24.36
2026-08-10 14:00:00,6,2,419,69.49,18.72
2026-08-10 14:00:00,6,3,675,66.2,12.91
2026-08-10 14:00:00,8,4,934,68.3,27.55
2026-08-10 14:00:00,1,5,638,74.41,29.51
2026-08-10 15:00:00,9,1,695,60.83,22.49
2026-08-10 15:00:00,2,2,899,75.35,18.35
2026-08-10 15:00:00,6,3,795,59.25,22.68
2026-08-10 15:00:00,7,4,744,70.6,9.71
2026-08-10 15:00:00,1,5,346,47.36,16.34
2026-08-10 16:00:00,5,1,205,20.14,27.78
2026-08-10 16:00:00,5,2,274,47.32,19.61
2026-08-10 16:00:00,4,3,139,11.72,30.17
2026-08-10 16:00:00,9,4,222,38.88,31.28
2026-08-10 16:00:00,3,5,495,39.57,17.08
2026-08-10 17:00:00,7,1,171,26.69,14.17
2026-08-10 17:00:00,7,2,399,33.18,16.57
2026-08-10 17:00:00,3,3,201,23.81,18.33
2026-08-10 17:00:00,2,4,427,42.74,10.37
2026-08-10 17:00:00,1,5,213,24.01,24.4
2026-08-10 18:00:00,3,1,320,33.5,14.51
2026-08-10 18:00:00,4,2,150,21.45,19.54
2026-08-10 18:00:00,1,3,96,15.93,21.68
2026-08-10 18:00:00,6,4,93,13.5,17.77
2026-08-10 18:00:00,6,5,336,32.49,27.66
2026-08-10 19:00:00,3,1,96,15.35,16.6
2026-08-10 19:00:00,2,2,225,18.15,31.42
2026-08-10 19:00:00,1,3,485,40.83,27.01
2026-08-10 19:00:00,1,4,346,41.61,25.38
2026-08-10 19:00:00,8,5,110,23.9,8.4
2026-08-10 20:00:00,3,1,341,34.09,18.86
2026-08-10 20:00:00,3,2,421,40.63,31.79
2026-08-10 20:00:00,4,3,144,19.08,21.52
2026-08-10 20:00:00,4,4,82,12.03,14.25
2026-08-10 20:00:00,2,5,387,31.88,11.79
2026-08-10 21:00:00,1,1,309,41.44,25.48
2026-08-10 21:00:00,2,2,267,36.65,23.76
2026-08-10 21:00:00,9,3,323,47.55,20.21
2026-08-10 21:00:00,2,4,171,30.63,28.91
2026-08-10 21:00:00,7,5,125,24.37,19.57
2026-08-10 22:00:00,4,1,216,17.16,17.45
2026-08-10 22:00:00,3,2,278,32.75,10.5
2026-08-10 22:00:00,3,3,278,29.62,22.41
2026-08-10 22:00:00,1,4,135,16.63,20.31
2026-08-10 22:00:00,3,5,239,23.06,13.7
2026-08-10 23:00:00,8,1,321,36.34,9.71
2026-08-10 23:00:00,1,2,397,33.03,28.76
2026-08-10 23:00:00,4,3,445,40.83,9.94
2026-08-10 23:00:00,3,4,274,21.01,26.93
2026-08-10 23:00:00,6,5,263,46.87,25.54
2026-08-11 00:00:00,9,1,285,47.0,9.53
2026-08-11 00:00:00,1,2,87,18.54,24.73
2026-08-11 00:00:00,5,3,414,31.42,12.23
2026-08-11 00:00:00,8,4,336,39.97,21.5
2026-08-11 00:00:00,9,5,151,21.4,26.69
2026-08-11 01:00:00,2,1,332,28.54,21.47
2026-08-11 01:00:00,2,2,339,28.57,13.97
2026-08-11 01:00:00,6,3,102,19.38,26.42
2026-08-11 01:00:00,2,4,115,21.36,8.56
2026-08-11 01:00:00,5,5,179,37.86,15.18
2026-08-11 02:00:00,5,1,133,14.57,14.56
2026-08-11 02:00:00,1,2,141,17.74,15.84
2026-08-11 02:00:00,1,3,233,22.96,30.15
2026-08-11 02:00:00,2,4,221,22.47,20.76
2026-08-11 02:00:00,1,5,118,23.4,14.94
2026-08-11 03:00:00,5,1,510,39.1,19.39
2026-08-11 03:00:00,1,2,149,25.51,23.65
2026-08-11 03:00:00,5,3,239,38.86,9.79
2026-08-11 03:00:00,5,4,210,36.92,19.68
2026-08-11 03:00:00,9,5,389,46.9,25.56
2026-08-11 04:00:00,1,1,115,23.19,24.44
2026-08-11 04:00:00,3,2,302,35.13,18.05
2026-08-11 04:00:00,3,3,433,44.12,27.57
2026-08-11 04:00:00,7,4,332,39.57,30.29
2026-08-11 04:00:00,5,5,223,19.11,14.11
2026-08-11 05:00:00,3,1,163,20.5,26.71
2026-08-11 05:00:00,4,2,169,20.3,14.1
2026-08-11 05:00:00,4,3,160,23.67,11.98
2026-08-11 05:00:00,4,4,194,25.17,28.28
2026-08-11 05:00:00,5,5,347,31.56,18.97
2026-08-11 06:00:00,1,1,223,21.94,25.09
2026-08-11 06:00:00,4,2,192,19.2,23.26
2026-08-11 06:00:00,1,3,334,38.14,14.42
2026-08-11 06:00:00,6,4,207,34.16,13.16
2026-08-11 06:00:00,7,5,154,25.41,31.81
2026-08-11 07:00:00,1,1,447,42.33,21.23
2026-08-11 07:00:00,5,2,130,18.82,9.31
2026-08-11 07:00:00,7,3,183,24.33,28.89
2026-08-11 07:00:00,5,4,315,40.32,11.95
2026-08-11 07:00:00,4,5,350,30.98,29.39
2026-08-11 08:00:00,6,1,236,27.45,20.4
2026-08-11 08:00:00,7,2,160,23.33,15.31
2026-08-11 08:00:00,1,3,507,40.11,17.04
2026-08-11 08:00:00,3,4,107,15.81,24.72
2026-08-11 08:00:00,7,5,121,23.52,27.38
2026-08-11 09:00:00,9,1,169,19.57,12.69
2026-08-11 09:00:00,6,2,115,29.54,28.33
2026-08-11 09:00:00,2,3,158,20.65,11.23
2026-08-11 09:00:00,5,4,298,33.14,12.45
2026-08-11 09:00:00,9,5,520,38.19,25.95
2026-08-11 10:00:00,2,1,548,68.25,18.48
2026-08-11 10:00:00,1,2,397,47.85,22.09
2026-08-11 10:00:00,6,3,755,65.72,10.83
2026-08-11 10:00:00,7,4,910,81.01,11.22
2026-08-11 10:00:00,9,5,439,92.37,13.79
2026-08-11 11:00:00,1,1,821,69.04,25.4
2026-08-11 11:00:00,5,2,834,92.15,24.79
2026-08-11 11:00:00,7,3,1045,72.52,24.13
2026-08-11 11:00:00,5,4,885,93.19,12.15
2026-08-11 11:00:00,5,5,418,53.96,27.77
2026-08-11 12:00:00,8,1,635,80.79,24.66
2026-08-11 12:00:00,3,2,695,64.25,12.04
2026-08-11 12:00:00,3,3,905,83.03,12.72
2026-08-11 12:00:00,9,4,571,68.4,13.18
2026-08-11 12:00:00,6,5,809,73.34,29.99
2026-08-11 13:00:00,3,1,800,74.63,31.61
2026-08-11 13:00:00,8,2,688,91.38,15.76
2026-08-11 13:00:00,8,3,431,67.37,11.42
2026-08-11 13:00:00,9,4,659,90.45,26.14
2026-08-11 13:00:00,5,5,910,75.47,19.41
2026-08-11 14:00:00,3,1,699,65.34,22.42
2026-08-11 14:00:00,6,2,558,56.14,26.06
2026-08-11 14:00:00,8,3,684,76.42,31.29
2026-08-11 14:00:00,1,4,1145,91.42,26.06
2026-08-11 14:00:00,7,5,665,74.14,22.4
2026-08-11 15:00:00,4,1,1023,81.61,12.35
2026-08-11 15:00:00,2,2,492,83.85,20.13
2026-08-11 15:00:00,7,3,757,67.0,25.66
2026-08-11 15:00:00,5,4,896,64.63,11.63
2026-08-11 15:00:00,4,5,458,52.72,13.9
2026-08-11 16:00:00,4,1,501,40.26,11.93
2026-08-11 16:00:00,7,2,255,32.16,15.37
2026-08-11 16:00:00,5,3,300,34.92,28.79
2026-08-11 16:00:00,6,4,274,33.03,21.37
2026-08-11 16:00:00,5,5,121,24.29,18.98
2026-08-11 17:00:00,6,1,124,31.32,14.12
2026-08-11 17:00:00,1,2,265,36.54,13.01
2026-08-11 17:00:00,8,3,299,35.55,9.28
2026-08-11 17:00:00,5,4,332,30.76,28.86
2026-08-11 17:00:00,1,5,80,20.32,17.7
2026-08-11 18:00:00,6,1,567,40.9,19.75
2026-08-11 18:00:00,3,2,284,42.71,22.15
2026-08-11 18:00:00,2,3,221,18.23,11.32
2026-08-11 18:00:00,3,4,153,28.07,22.03
2026-08-11 18:00:00,5,5,154,18.06,15.32
2026-08-11 19:00:00,9,1,294,28.25,9.45
2026-08-11 19:00:00,4,2,240,35.21,8.02
2026-08-11 19:00:00,9,3,144,27.43,28.6
2026-08-11 19:00:00,7,4,268,25.89,11.28
2026-08-11 19:00:00,6,5,296,29.47,18.45
2026-08-11 20:00:00,4,1,291,22.68,27.7
2026-08-11 20:00:00,2,2,553,39.28,17.67
2026-08-11 20:00:00,4,3,209,34.23,20.11
2026-08-11 20:00:00,8,4,150,27.79,18.36
2026-08-11 20:00:00,9,5,289,26.18,27.62
2026-08-11 21:00:00,2,1,413,34.7,20.12
2026-08-11 21:00:00,3,2,83,20.64,30.34
2026-08-11 21:00:00,8,3,536,42.72,28.46
2026-08-11 21:00:00,3,4,113,26.3,22.22
2026-08-11 21:00:00,5,5,340,35.24,17.36
2026-08-11 22:00:00,3,1,548,48.06,18.08
2026-08-11 22:00:00,5,2,206,42.85,28.57
2026-08-11 22:00:00,8,3,161,25.34,28.49
2026-08-11 22:00:00,3,4,157,14.06,30.9
2026-08-11 22:00:00,4,5,199,15.19,22.91
2026-08-11 23:00:00,1,1,192,22.73,26.29
2026-08-11 23:00:00,7,2,70,18.18,24.88
2026-08-11 23:00:00,5,3,152,34.44,13.46
2026-08-11 23:00:00,4,4,170,30.81,16.98
2026-08-11 23:00:00,2,5,111,23.85,10.58
2026-08-12 00:00:00,6,1,73,17.01,11.8
2026-08-12 00:00:00,5,2,203,21.42,25.46
2026-08-12 00:00:00,4,3,330,31.96,25.06
2026-08-12 00:00:00,8,4,357,42.63,20.44
2026-08-12 00:00:00,9,5,295,29.82,24.02
2026-08-12 01:00:00,1,1,200,19.94,8.82
2026-08-12 01:00:00,7,2,165,24.48,26.97
2026-08-12 01:00:00,9,3,505,47.92,24.28
2026-08-12 01:00:00,2,4,217,23.34,10.43
2026-08-12 01:00:00,9,5,353,31.26,28.8
2026-08-12 02:00:00,4,1,440,42.82,12.27
2026-08-12 02:00:00,4,2,285,44.14,9.76
2026-08-12 02:00:00,9,3,459,45.06,29.51
2026-08-12 02:00:00,9,4,225,21.32,13.69
2026-08-12 02:00:00,7,5,200,32.64,14.48
2026-08-12 03:00:00,4,1,364,34.09,20.1
2026-08-12 03:00:00,1,2,224,21.41,12.62
2026-08-12 03:00:00,4,3,370,29.5,18.77
2026-08-12 03:00:00,1,4,132,28.81,14.41
2026-08-12 03:00:00,8,5,204,20.33,30.12
2026-08-12 04:00:00,6,1,304,27.38,19.01
2026-08-12 04:00:00,3,2,546,46.81,31.27
2026-08-12 04:00:00,5,3,317,27.84,10.77
2026-08-12 04:00:00,7,4,86,25.02,13.87
2026-08-12 04:00:00,4,5,404,35.95,19.68
2026-08-12 05:00:00,8,1,232,26.65,8.28
2026-08-12 05:00:00,2,2,507,42.12,24.41
2026-08-12 05:00:00,7,3,432,36.7,24.61
2026-08-12 05:00:00,1,4,410,43.04,16.09
2026-08-12 05:00:00,8,5,186,24.61,21.68
2026-08-12 06:00:00,4,1,179,39.92,31.34
2026-08-12 06:00:00,9,2,370,40.22,25.68
2026-08-12 06:00:00,8,3,212,31.4,31.14
2026-08-12 06:00:00,8,4,278,26.92,21.59
2026-08-12 06:00:00,7,5,432,41.72,19.74
2026-08-12 07:00:00,9,1,229,33.1,19.16
2026-08-12 07:00:00,2,2,553,47.77,30.37
2026-08-12 07:00:00,9,3,228,41.65,30.21
2026-08-12 07:00:00,9,4,213,25.75,29.59
2026-08-12 07:00:00,3,5,305,39.16,21.82
2026-08-12 08:00:00,5,1,240,37.01,11.41
2026-08-12 08:00:00,9,2,71,19.67,12.86
2026-08-12 08:00:00,9,3,142,28.66,25.66
2026-08-12 08:00:00,2,4,155,13.81,15.83
2026-08-12 08:00:00,5,5,107,12.34,18.9
2026-08-12 09:00:00,8,1,103,20.0,9.96
2026-08-12 09:00:00,7,2,108,23.45,10.75
2026-08-12 09:00:00,2,3,209,29.42,12.51
2026-08-12 09:00:00,2,4,250,30.07,9.81
2026-08-12 09:00:00,9,5,79,22.81,27.0
2026-08-12 10:00:00,4,1,663,60.56,9.46
2026-08-12 10:00:00,4,2,854,58.52,11.98
2026-08-12 10:00:00,9,3,728,59.74,13.8
2026-08-12 10:00:00,5,4,763,74.76,14.99
2026-08-12 10:00:00,6,5,343,71.37,21.62
2026-08-12 11:00:00,9,1,628,54.0,26.28
2026-08-12 11:00:00,5,2,609,69.59,14.55
2026-08-12 11:00:00,3,3,699,76.5,10.29
2026-08-12 11:00:00,8,4,402,78.95,24.99
2026-08-12 11:00:00,2,5,303,51.18,8.33
2026-08-12 12:00:00,7,1,775,70.34,16.74
2026-08-12 12:00:00,5,2,779,58.78,29.23
2026-08-12 12:00:00,5,3,992,71.92,9.93
2026-08-12 12:00:00,4,4,1064,85.48,23.88
2026-08-12 12:00:00,5,5,345,49.37,27.69
2026-08-12 13:00:00,7,1,237,53.05,29.93
2026-08-12 13:00:00,7,2,525,50.22,11.03
2026-08-12 13:00:00,5,3,549,57.86,17.32
2026-08-12 13:00:00,8,4,926,79.54,10.8
2026-08-12 13:00:00,4,5,349,60.5,26.99
2026-08-12 14:00:00,4,1,404,66.23,25.89
2026-08-12 14:00:00,3,2,570,74.7,17.48
2026-08-12 14:00:00,4,3,627,53.51,19.34
2026-08-12 14:00:00,3,4,547,78.75,15.76
2026-08-12 14:00:00,5,5,775,66.4,17.58
2026-08-12 15:00:00,6,1,366,66.99,31.76
2026-08-12 15:00:00,5,2,552,75.23,31.13
2026-08-12 15:00:00,8,3,503,68.83,12.46
2026-08-12 15:00:00,1,4,464,49.8,19.63
2026-08-12 15:00:00,1,5,449,64.56,19.85
2026-08-12 16:00:00,6,1,287,31.09,9.16
2026-08-12 16:00:00,3,2,98,12.67,18.27
2026-08-12 16:00:00,6,3,258,36.05,12.92
2026-08-12 16:00:00,5,4,85,20.07,22.64
2026-08-12 16:00:00,8,5,124,16.61,14.8
2026-08-12 17:00:00,2,1,431,44.78,25.47
2026-08-12 17:00:00,1,2,239,46.69,22.17
2026-08-12 17:00:00,8,3,526,39.52,11.91
2026-08-12 17:00:00,4,4,401,35.2,24.64
2026-08-12 17:00:00,3,5,258,26.88,9.89
2026-08-12 18:00:00,9,1,252,37.56,14.78
2026-08-12 18:00:00,9,2,207,22.29,21.4
2026-08-12 18:00:00,4,3,85,20.94,15.54
2026-08-12 18:00:00,2,4,135,27.09,13.06
2026-08-12 18:00:00,8,5,427,45.58,28.91
2026-08-12 19:00:00,4,1,176,36.75,8.98
2026-08-12 19:00:00,1,2,154,31.4,29.86
2026-08-12 19:00:00,1,3,183,38.6,8.47
2026-08-12 19:00:00,7,4,479,33.98,28.19
2026-08-12 19:00:00,9,5,106,18.21,22.91
2026-08-12 20:00:00,8,1,238,16.95,23.05
2026-08-12 20:00:00,6,2,144,20.42,18.05
2026-08-12 20:00:00,5,3,417,48.5,30.13
2026-08-12 20:00:00,4,4,274,27.5,28.39
2026-08-12 20:00:00,9,5,200,45.22,26.03
2026-08-12 21:00:00,9,1,214,36.75,17.02
2026-08-12 21:00:00,4,2,90,26.21,19.28
2026-08-12 21:00:00,8,3,141,10.28,11.66
2026-08-12 21:00:00,3,4,282,28.5,11.7
2026-08-12 21:00:00,6,5,223,22.98,26.38
2026-08-12 22:00:00,6,1,200,44.24,25.16
2026-08-12 22:00:00,2,2,69,12.51,31.63
2026-08-12 22:00:00,3,3,199,41.92,10.43
2026-08-12 22:00:00,3,4,137,21.41,9.44
2026-08-12 22:00:00,5,5,298,48.57,9.21
2026-08-12 23:00:00,7,1,348,44.08,28.15
2026-08-12 23:00:00,1,2,269,24.36,18.3
2026-08-12 23:00:00,7,3,580,44.51,17.77
2026-08-12 23:00:00,4,4,214,41.68,21.36
2026-08-12 23:00:00,9,5,224,38.01,29.64
2026-08-13 00:00:00,7,1,278,22.08,17.95
2026-08-13 00:00:00,1,2,406,35.64,20.37
2026-08-13 00:00:00,5,3,435,31.6,30.42
2026-08-13 00:00:00,6,4,165,19.22,29.07
2026-08-13 00:00:00,8,5,291,31.07,13.07
2026-08-13 01:00:00,2,1,391,43.82,28.48
2026-08-13 01:00:00,1,2,314,32.44,10.63
2026-08-13 01:00:00,5,3,257,21.16,21.48
2026-08-13 01:00:00,5,4,259,35.94,16.44
2026-08-13 01:00:00,9,5,443,35.21,29.53
2026-08-13 02:00:00,7,1,64,16.34,28.32
2026-08-13 02:00:00,1,2,189,41.85,29.35
2026-08-13 02:00:00,8,3,222,26.56,13.44
2026-08-13 02:00:00,6,4,534,48.0,30.6
2026-08-13 02:00:00,7,5,228,18.93,24.36
2026-08-13 03:00:00,4,1,345,39.04,25.52
2026-08-13 03:00:00,7,2,353,26.81,9.7
2026-08-13 03:00:00,6,3,311,30.94,31.65
2026-08-13 03:00:00,1,4,271,29.79,11.41
2026-08-13 03:00:00,7,5,254,31.82,29.86
2026-08-13 04:00:00,5,1,178,15.06,20.49
2026-08-13 04:00:00,9,2,273,31.51,22.31
2026-08-13 04:00:00,1,3,385,40.6,27.73
2026-08-13 04:00:00,8,4,336,33.45,31.3
2026-08-13 04:00:00,3,5,125,21.71,24.43
2026-08-13 05:00:00,3,1,144,18.55,10.01
2026-08-13 05:00:00,3,2,90,10.69,9.02
2026-08-13 05:00:00,7,3,398,35.65,20.59
2026-08-13 05:00:00,7,4,436,36.69,8.85
2026-08-13 05:00:00,2,5,186,36.14,22.92
2026-08-13 06:00:00,6,1,203,24.64,9.86
2026-08-13 06:00:00,7,2,224,24.84,25.76
2026-08-13 06:00:00,3,3,241,23.99,21.38
2026-08-13 06:00:00,2,4,144,22.24,18.65
2026-08-13 06:00:00,9,5,142,29.89,30.47
2026-08-13 07:00:00,9,1,449,42.17,10.03
2026-08-13 07:00:00,3,2,90,13.22,16.45
2026-08-13 07:00:00,7,3,174,13.55,27.68
2026-08-13 07:00:00,1,4,152,24.89,12.43
2026-08-13 07:00:00,7,5,241,23.95,25.28
2026-08-13 08:00:00,9,1,106,16.49,18.53
2026-08-13 08:00:00,4,2,435,36.16,28.95
2026-08-13 08:00:00,2,3,356,26.24,28.98
2026-08-13 08:00:00,6,4,185,33.56,24.7
2026-08-13 08:00:00,2,5,266,27.4,18.75
2026-08-13 09:00:00,3,1,315,33.06,20.67
2026-08-13 09:00:00,3,2,412,41.66,17.24
2026-08-13 09:00:00,5,3,174,35.12,15.16
2026-08-13 09:00:00,6,4,533,41.34,20.35
2026-08-13 09:00:00,4,5,148,25.06,21.86
2026-08-13 10:00:00,5,1,919,74.59,27.78
2026-08-13 10:00:00,5,2,303,57.15,12.72
2026-08-13 10:00:00,6,3,523,40.71,19.84
2026-08-13 10:00:00,9,4,377,64.27,22.52
2026-08-13 10:00:00,9,5,726,64.55,23.76
2026-08-13 11:00:00,8,1,436,85.26,30.76
2026-08-13 11:00:00,9,2,610,87.48,20.34
2026-08-13 11:00:00,1,3,767,64.1,28.86
2026-08-13 11:00:00,6,4,847,59.64,24.12
2026-08-13 11:00:00,2,5,324,47.36,13.14
2026-08-13 12:00:00,9,1,942,68.93,20.13
2026-08-13 12:00:00,9,2,344,51.42,18.23
2026-08-13 12:00:00,4,3,669,67.69,21.88
2026-08-13 12:00:00,6,4,526,47.65,16.04
2026-08-13 12:00:00,5,5,368,51.69,20.52
2026-08-13 13:00:00,9,1,277,44.72,13.08
2026-08-13 13:00:00,3,2,901,84.79,22.53
2026-08-13 13:00:00,8,3,767,64.73,16.96
2026-08-13 13:00:00,7,4,561,50.67,21.15
2026-08-13 13:00:00,1,5,595,82.74,14.73
2026-08-13 14:00:00,6,1,809,62.23,14.49
2026-08-13 14:00:00,5,2,728,55.62,10.89
2026-08-13 14:00:00,5,3,846,71.54,12.33
2026-08-13 14:00:00,5,4,371,69.01,16.08
2026-08-13 14:00:00,9,5,269,53.18,20.5
2026-08-13 15:00:00,3,1,844,67.77,27.24
2026-08-13 15:00:00,4,2,651,86.27,13.99
2026-08-13 15:00:00,1,3,659,54.05,30.76
2026-08-13 15:00:00,2,4,304,56.07,27.81
2026-08-13 15:00:00,2,5,399,53.7,10.51
2026-08-13 16:00:00,7,1,292,26.82,25.49
2026-08-13 16:00:00,5,2,290,36.08,9.98
2026-08-13 16:00:00,4,3,195,34.46,27.97
2026-08-13 16:00:00,1,4,122,15.39,8.29
2026-08-13 16:00:00,1,5,110,19.09,29.14
2026-08-13 17:00:00,4,1,217,45.33,30.32
2026-08-13 17:00:00,4,2,310,28.95,27.82
2026-08-13 17:00:00,2,3,126,31.65,19.3
2026-08-13 17:00:00,2,4,415,36.69,26.32
2026-08-13 17:00:00,1,5,400,33.73,18.73
2026-08-13 18:00:00,4,1,210,21.2,13.45
2026-08-13 18:00:00,6,2,109,21.91,13.32
2026-08-13 18:00:00,5,3,393,33.84,22.56
2026-08-13 18:00:00,3,4,204,26.44,12.95
2026-08-13 18:00:00,8,5,106,19.81,14.98
2026-08-13 19:00:00,5,1,494,44.18,14.94
2026-08-13 19:00:00,9,2,204,26.46,17.69
2026-08-13 19:00:00,8,3,371,36.26,19.84
2026-08-13 19:00:00,8,4,293,24.36,10.35
2026-08-13 19:00:00,1,5,250,30.63,8.6
2026-08-13 20:00:00,2,1,375,42.11,9.98
2026-08-13 20:00:00,1,2,170,33.84,12.45
2026-08-13 20:00:00,8,3,305,48.42,18.94
2026-08-13 20:00:00,6,4,318,38.07,23.91
2026-08-13 20:00:00,3,5,172,23.91,22.9
2026-08-13 21:00:00,3,1,199,29.78,25.55
2026-08-13 21:00:00,3,2,384,38.46,20.57
2026-08-13 21:00:00,6,3,95,17.58,14.38
2026-08-13 21:00:00,1,4,289,36.01,30.0
2026-08-13 21:00:00,2,5,333,41.01,31.45
2026-08-13 22:00:00,7,1,502,38.23,15.78
2026-08-13 22:00:00,2,2,328,28.45,16.81
2026-08-13 22:00:00,8,3,421,40.79,17.59
2026-08-13 22:00:00,3,4,425,41.28,31.52
2026-08-13 22:00:00,8,5,135,19.69,11.65
2026-08-13 23:00:00,1,1,374,42.6,26.74
2026-08-13 23:00:00,5,2,154,26.01,24.53
2026-08-13 23:00:00,3,3,93,15.29,31.01
2026-08-13 23:00:00,2,4,251,31.46,28.3
2026-08-13 23:00:00,7,5,249,31.94,19.4
2026-08-14 00:00:00,7,1,162,30.66,29.14
2026-08-14 00:00:00,8,2,299,38.39,28.6
2026-08-14 00:00:00,5,3,155,30.98,12.79
2026-08-14 00:00:00,8,4,257,22.47,30.8
2026-08-14 00:00:00,1,5,322,29.5,20.87
2026-08-14 01:00:00,1,1,259,28.58,9.78
2026-08-14 01:00:00,8,2,521,45.56,8.98
2026-08-14 01:00:00,5,3,180,35.83,15.19
2026-08-14 01:00:00,5,4,307,34.47,9.71
2026-08-14 01:00:00,5,5,550,41.25,16.51
2026-08-14 02:00:00,5,1,315,42.92,8.46
2026-08-14 02:00:00,5,2,117,25.14,29.21
2026-08-14 02:00:00,5,3,148,26.39,27.52
2026-08-14 02:00:00,7,4,301,40.15,26.74
2026-08-14 02:00:00,9,5,139,28.4,14.99
2026-08-14 03:00:00,6,1,127,20.94,27.99
2026-08-14 03:00:00,2,2,139,21.74,19.16
2026-08-14 03:00:00,6,3,221,22.6,30.88
2026-08-14 03:00:00,4,4,131,15.48,20.89
2026-08-14 03:00:00,3,5,372,34.75,27.61
2026-08-14 04:00:00,3,1,199,27.5,12.54
2026-08-14 04:00:00,9,2,137,23.95,11.6
2026-08-14 04:00:00,2,3,306,31.86,13.64
2026-08-14 04:00:00,5,4,159,26.41,22.39
2026-08-14 04:00:00,8,5,76,14.85,12.01
2026-08-14 05:00:00,6,1,211,32.9,11.72
2026-08-14 05:00:00,7,2,208,43.93,25.48
2026-08-14 05:00:00,1,3,247,43.71,29.29
2026-08-14 05:00:00,2,4,208,31.36,31.63
2026-08-14 05:00:00,9,5,278,44.16,18.31
2026-08-14 06:00:00,6,1,301,30.85,20.03
2026-08-14 06:00:00,1,2,188,20.62,23.49
2026-08-14 06:00:00,8,3,194,20.14,11.0
2026-08-14 06:00:00,3,4,238,26.99,11.35
2026-08-14 06:00:00,1,5,261,46.21,29.51
2026-08-14 07:00:00,9,1,118,16.95,28.14
2026-08-14 07:00:00,6,2,369,48.38,31.09
2026-08-14 07:00:00,7,3,365,29.51,10.51
2026-08-14 07:00:00,2,4,174,32.06,24.64
2026-08-14 07:00:00,4,5,220,26.16,20.96
2026-08-14 08:00:00,5,1,183,16.28,16.84
2026-08-14 08:00:00,9,2,125,21.07,17.11
2026-08-14 08:00:00,2,3,62,16.49,27.08
2026-08-14 08:00:00,7,4,123,24.15,8.21
2026-08-14 08:00:00,9,5,522,44.52,17.28
2026-08-14 09:00:00,4,1,108,13.75,20.61
2026-08-14 09:00:00,8,2,152,19.67,10.39
2026-08-14 09:00:00,2,3,109,15.76,17.58
2026-08-14 09:00:00,3,4,411,34.44,23.06
2026-08-14 09:00:00,2,5,241,25.95,22.08
2026-08-14 10:00:00,1,1,974,74.69,23.0
2026-08-14 10:00:00,2,2,706,67.12,29.16
2026-08-14 10:00:00,3,3,631,80.97,11.69
2026-08-14 10:00:00,9,4,555,79.0,28.77
2026-08-14 10:00:00,5,5,590,49.32,30.88
2026-08-14 11:00:00,2,1,682,80.89,22.65
2026-08-14 11:00:00,3,2,716,90.21,21.77
2026-08-14 11:00:00,9,3,479,81.64,23.91
2026-08-14 11:00:00,6,4,837,84.26,25.75
2026-08-14 11:00:00,4,5,417,50.38,11.28
2026-08-14 12:00:00,5,1,456,61.7,27.88
2026-08-14 12:00:00,3,2,460,83.03,10.22
2026-08-14 12:00:00,6,3,311,56.72,25.43
2026-08-14 12:00:00,2,4,856,73.95,24.79
2026-08-14 12:00:00,6,5,719,74.83,13.4
2026-08-14 13:00:00,8,1,921,72.6,9.06
2026-08-14 13:00:00,5,2,348,51.16,22.14
2026-08-14 13:00:00,6,3,573,71.65,23.07
2026-08-14 13:00:00,3,4,901,78.34,28.24
2026-08-14 13:00:00,1,5,646,72.15,16.94
2026-08-14 14:00:00,9,1,472,42.62,25.78
2026-08-14 14:00:00,6,2,810,69.24,23.49
2026-08-14 14:00:00,6,3,589,51.75,8.24
2026-08-14 14:00:00,7,4,815,65.32,12.99
2026-08-14 14:00:00,5,5,495,65.95,8.05
2026-08-14 15:00:00,1,1,1059,83.16,10.72
2026-08-14 15:00:00,8,2,536,68.36,20.49
2026-08-14 15:00:00,6,3,661,63.0,29.65
2026-08-14 15:00:00,6,4,899,89.32,22.99
2026-08-14 15:00:00,4,5,720,61.06,25.83
2026-08-14 16:00:00,5,1,280,25.72,25.23
2026-08-14 16:00:00,4,2,175,30.17,10.88
2026-08-14 16:00:00,5,3,368,38.94,10.19
2026-08-14 16:00:00,8,4,69,12.36,20.03
2026-08-14 16:00:00,4,5,216,32.0,23.49
2026-08-14 17:00:00,4,1,199,44.22,29.75
2026-08-14 17:00:00,8,2,454,42.01,26.51
2026-08-14 17:00:00,7,3,156,28.89,10.77
2026-08-14 17:00:00,4,4,509,35.43,10.61
2026-08-14 17:00:00,4,5,255,26.54,14.7
2026-08-14 18:00:00,7,1,428,37.84,22.5
2026-08-14 18:00:00,8,2,315,40.72,20.31
2026-08-14 18:00:00,7,3,159,27.71,18.91
2026-08-14 18:00:00,6,4,292,27.68,20.66
2026-08-14 18:00:00,9,5,78,15.68,19.36
2026-08-14 19:00:00,8,1,443,42.56,30.51
2026-08-14 19:00:00,9,2,211,29.6,19.33
2026-08-14 19:00:00,1,3,179,33.69,29.87
2026-08-14 19:00:00,4,4,84,19.69,18.36
2026-08-14 19:00:00,8,5,514,41.63,31.46
2026-08-14 20:00:00,5,1,207,24.85,30.38
2026-08-14 20:00:00,9,2,125,20.86,30.28
2026-08-14 20:00:00,2,3,111,18.12,14.34
2026-08-14 20:00:00,3,4,282,38.4,31.15
2026-08-14 20:00:00,6,5,165,35.15,12.79
2026-08-14 21:00:00,7,1,243,35.82,27.77
2026-08-14 21:00:00,6,2,180,30.15,28.2
2026-08-14 21:00:00,1,3,364,32.17,9.51
2026-08-14 21:00:00,5,4,238,33.88,10.42
2026-08-14 21:00:00,5,5,477,41.72,16.28
2026-08-14 22:00:00,9,1,363,35.27,20.2
2026-08-14 22:00:00,4,2,298,23.39,19.77
2026-08-14 22:00:00,1,3,267,33.52,26.75
2026-08-14 22:00:00,4,4,96,23.29,14.28
2026-08-14 22:00:00,8,5,276,40.16,21.69
2026-08-14 23:00:00,7,1,188,17.09,31.88
2026-08-14 23:00:00,5,2,190,33.65,22.23
2026-08-14 23:00:00,8,3,473,35.12,23.26
2026-08-14 23:00:00,8,4,385,42.31,18.87
2026-08-14 23:00:00,3,5,97,19.05,14.45
2026-08-15 00:00:00,6,1,135,25.22,29.59
2026-08-15 00:00:00,6,2,141,13.84,23.5
2026-08-15 00:00:00,1,3,238,30.87,27.75
2026-08-15 00:00:00,2,4,116,21.52,23.7
2026-08-15 00:00:00,8,5,307,41.34,25.44
2026-08-15 01:00:00,8,1,457,39.83,29.32
2026-08-15 01:00:00,5,2,302,25.72,26.33
2026-08-15 01:00:00,8,3,338,24.83,19.5
2026-08-15 01:00:00,4,4,142,32.87,20.21
2026-08-15 01:00:00,1,5,464,34.34,18.25
2026-08-15 02:00:00,6,1,503,37.25,22.27
2026-08-15 02:00:00,9,2,195,23.31,14.86
2026-08-15 02:00:00,6,3,337,45.66,8.4
2026-08-15 02:00:00,3,4,227,32.34,10.27
2026-08-15 02:00:00,4,5,136,18.22,31.2
2026-08-15 03:00:00,9,1,209,31.73,30.66
2026-08-15 03:00:00,6,2,148,22.29,16.97
2026-08-15 03:00:00,6,3,321,44.02,25.93
2026-08-15 03:00:00,4,4,376,28.97,9.56
2026-08-15 03:00:00,1,5,153,25.48,20.4
2026-08-15 04:00:00,8,1,348,36.7,23.09
2026-08-15 04:00:00,1,2,151,35.0,27.01
2026-08-15 04:00:00,5,3,408,29.93,21.72
2026-08-15 04:00:00,2,4,291,27.4,25.34
2026-08-15 04:00:00,2,5,143,21.78,10.18
2026-08-15 05:00:00,1,1,113,15.67,29.42
2026-08-15 05:00:00,1,2,300,27.85,9.28
2026-08-15 05:00:00,7,3,228,38.67,16.93
2026-08-15 05:00:00,9,4,146,20.91,21.03
2026-08-15 05:00:00,7,5,124,17.56,26.89
2026-08-15 06:00:00,8,1,167,11.72,19.95
2026-08-15 06:00:00,5,2,263,45.37,29.87
2026-08-15 06:00:00,4,3,179,36.95,10.49
2026-08-15 06:00:00,8,4,287,36.15,12.35
2026-08-15 06:00:00,3,5,146,16.3,28.41
2026-08-15 07:00:00,5,1,108,19.79,18.12
2026-08-15 07:00:00,8,2,83,23.58,21.74
2026-08-15 07:00:00,1,3,214,28.67,27.38
2026-08-15 07:00:00,3,4,193,35.08,21.86
2026-08-15 07:00:00,1,5,145,28.37,26.89
2026-08-15 08:00:00,7,1,405,34.69,9.94
2026-08-15 08:00:00,2,2,84,22.97,11.17
2026-08-15 08:00:00,2,3,380,31.21,8.95
2026-08-15 08:00:00,3,4,155,21.45,20.87
2026-08-15 08:00:00,3,5,182,31.72,23.17
2026-08-15 09:00:00,3,1,265,26.35,13.71
2026-08-15 09:00:00,8,2,322,48.63,15.2
2026-08-15 09:00:00,5,3,408,42.43,8.35
2026-08-15 09:00:00,9,4,185,19.29,14.71
2026-08-15 09:00:00,4,5,124,24.33,29.88
2026-08-15 10:00:00,8,1,584,78.58,30.98
2026-08-15 10:00:00,5,2,824,67.73,30.17
2026-08-15 10:00:00,7,3,449,53.37,30.91
2026-08-15 10:00:00,5,4,743,58.52,23.5
2026-08-15 10:00:00,4,5,478,84.93,20.62
2026-08-15 11:00:00,8,1,499,60.15,19.46
2026-08-15 11:00:00,9,2,641,81.3,13.52
2026-08-15 11:00:00,4,3,691,76.89,31.14
2026-08-15 11:00:00,5,4,541,70.87,27.23
2026-08-15 11:00:00,7,5,925,69.67,10.22
2026-08-15 12:00:00,6,1,680,66.23,14.27
2026-08-15 12:00:00,9,2,639,57.28,13.48
2026-08-15 12:00:00,3,3,539,49.16,29.24
2026-08-15 12:00:00,6,4,669,86.72,14.09
2026-08-15 12:00:00,1,5,676,51.35,31.28
2026-08-15 13:00:00,5,1,699,62.16,17.99
2026-08-15 13:00:00,9,2,411,83.73,31.97
2026-08-15 13:00:00,1,3,961,90.25,10.59
2026-08-15 13:00:00,1,4,1021,82.19,18.97
2026-08-15 13:00:00,9,5,420,77.02,28.2
2026-08-15 14:00:00,8,1,475,54.72,28.69
2026-08-15 14:00:00,4,2,658,84.42,14.43
2026-08-15 14:00:00,2,3,358,43.64,22.23
2026-08-15 14:00:00,5,4,657,49.29,9.42
2026-08-15 14:00:00,3,5,528,54.37,19.82
2026-08-15 15:00:00,9,1,355,61.06,16.56
2026-08-15 15:00:00,5,2,687,52.68,23.41
2026-08-15 15:00:00,8,3,469,51.48,23.54
2026-08-15 15:00:00,5,4,257,52.97,19.22
2026-08-15 15:00:00,1,5,384,52.59,9.01
2026-08-15 16:00:00,4,1,114,18.88,18.19
2026-08-15 16:00:00,7,2,153,17.03,26.61
2026-08-15 16:00:00,2,3,303,29.61,22.84
2026-08-15 16:00:00,2,4,397,39.99,16.93
2026-08-15 16:00:00,7,5,163,20.65,15.92
2026-08-15 17:00:00,1,1,96,26.19,13.37
2026-08-15 17:00:00,6,2,83,17.04,23.26
2026-08-15 17:00:00,5,3,343,46.36,15.38
2026-08-15 17:00:00,4,4,151,29.93,19.61
2026-08-15 17:00:00,3,5,392,39.65,25.46
2026-08-15 18:00:00,1,1,217,15.36,18.7
2026-08-15 18:00:00,9,2,87,17.13,30.9
2026-08-15 18:00:00,9,3,70,23.72,13.52
2026-08-15 18:00:00,7,4,443,38.34,31.48
2026-08-15 18:00:00,5,5,91,15.76,25.51
2026-08-15 19:00:00,5,1,211,32.93,23.73
2026-08-15 19:00:00,8,2,542,40.21,23.8
2026-08-15 19:00:00,2,3,205,31.04,28.01
2026-08-15 19:00:00,5,4,84,25.68,22.15
2026-08-15 19:00:00,4,5,108,18.04,9.15
2026-08-15 20:00:00,4,1,182,23.76,16.16
2026-08-15 20:00:00,3,2,105,15.55,30.84
2026-08-15 20:00:00,7,3,108,11.24,17.02
2026-08-15 20:00:00,8,4,170,20.66,21.37
2026-08-15 20:00:00,8,5,130,29.77,30.8
2026-08-15 21:00:00,2,1,377,33.7,14.58
2026-08-15 21:00:00,6,2,194,26.23,30.11
2026-08-15 21:00:00,6,3,211,33.89,30.43
2026-08-15 21:00:00,5,4,290,40.85,26.16
2026-08-15 21:00:00,8,5,207,28.73,14.77
2026-08-15 22:00:00,6,1,169,23.96,31.98
2026-08-15 22:00:00,1,2,278,44.94,27.51
2026-08-15 22:00:00,5,3,487,35.51,12.83
2026-08-15 22:00:00,7,4,102,22.85,16.0
2026-08-15 22:00:00,6,5,539,39.3,13.28
2026-08-15 23:00:00,5,1,251,21.06,19.24
2026-08-15 23:00:00,9,2,150,20.62,29.16
2026-08-15 23:00:00,6,3,303,27.08,25.62
2026-08-15 23:00:00,5,4,289,28.33,26.01
2026-08-15 23:00:00,6,5,69,20.14,11.84
2026-08-16 00:00:00,9,1,220,48.35,13.76
2026-08-16 00:00:00,2,2,82,21.7,30.9
2026-08-16 00:00:00,2,3,153,16.59,17.99
2026-08-16 00:00:00,2,4,387,44.67,18.12
2026-08-16 00:00:00,9,5,556,46.01,25.17
2026-08-16 01:00:00,6,1,236,26.67,13.71
2026-08-16 01:00:00,7,2,124,29.08,24.98
2026-08-16 01:00:00,3,3,218,36.48,23.87
2026-08-16 01:00:00,8,4,319,35.73,26.64
2026-08-16 01:00:00,2,5,308,32.23,11.59
2026-08-16 02:00:00,3,1,298,36.73,14.3
2026-08-16 02:00:00,5,2,197,16.76,11.76
2026-08-16 02:00:00,1,3,393,45.72,21.88
2026-08-16 02:00:00,6,4,294,48.29,17.18
2026-08-16 02:00:00,5,5,247,32.47,24.55
2026-08-16 03:00:00,6,1,229,38.46,20.34
2026-08-16 03:00:00,5,2,372,28.34,30.96
2026-08-16 03:00:00,4,3,368,32.49,16.45
2026-08-16 03:00:00,4,4,402,36.58,19.41
2026-08-16 03:00:00,9,5,203,39.56,12.03
2026-08-16 04:00:00,1,1,150,37.4,8.05
2026-08-16 04:00:00,4,2,446,33.4,12.83
2026-08-16 04:00:00,6,3,124,11.97,17.99
2026-08-16 04:00:00,1,4,370,45.75,10.96
2026-08-16 04:00:00,7,5,91,21.58,28.69
2026-08-16 05:00:00,3,1,230,25.18,9.99
2026-08-16 05:00:00,4,2,92,22.82,20.97
2026-08-16 05:00:00,8,3,192,30.11,13.38
2026-08-16 05:00:00,3,4,214,35.16,23.34
2026-08-16 05:00:00,5,5,164,25.61,13.13
2026-08-16 06:00:00,7,1,90,10.44,30.04
2026-08-16 06:00:00,5,2,218,38.76,21.0
2026-08-16 06:00:00,6,3,165,25.82,22.66
2026-08-16 06:00:00,2,4,167,37.89,29.48
2026-08-16 06:00:00,7,5,256,32.72,25.73
2026-08-16 07:00:00,7,1,477,34.76,8.92
2026-08-16 07:00:00,9,2,218,31.32,9.62
2026-08-16 07:00:00,8,3,270,37.12,14.91
2026-08-16 07:00:00,3,4,193,31.98,29.9
2026-08-16 07:00:00,7,5,156,38.28,29.72
2026-08-16 08:00:00,6,1,255,42.25,28.64
2026-08-16 08:00:00,6,2,318,34.3,17.62
2026-08-16 08:00:00,6,3,227,29.54,26.26
2026-08-16 08:00:00,1,4,90,19.96,28.95
2026-08-16 08:00:00,7,5,319,30.19,15.8
2026-08-16 09:00:00,2,1,317,28.37,9.25
2026-08-16 09:00:00,1,2,136,21.47,8.97
2026-08-16 09:00:00,7,3,218,43.74,13.57
2026-08-16 09:00:00,4,4,302,23.6,17.85
2026-08-16 09:00:00,8,5,260,29.88,20.08
2026-08-16 10:00:00,3,1,1122,78.47,17.46
2026-08-16 10:00:00,6,2,239,53.07,20.45
2026-08-16 10:00:00,1,3,772,90.9,16.46
2026-08-16 10:00:00,3,4,700,90.57,25.98
2026-08-16 10:00:00,3,5,917,86.33,31.54
2026-08-16 11:00:00,6,1,449,91.04,15.69
2026-08-16 11:00:00,7,2,978,66.44,15.64
2026-08-16 11:00:00,5,3,675,71.57,31.42
2026-08-16 11:00:00,8,4,301,49.81,27.12
2026-08-16 11:00:00,3,5,980,81.97,13.81
2026-08-16 12:00:00,9,1,427,78.17,29.27
2026-08-16 12:00:00,2,2,1164,89.81,31.03
2026-08-16 12:00:00,6,3,588,53.18,24.85
2026-08-16 12:00:00,5,4,280,47.53,9.57
2026-08-16 12:00:00,7,5,743,64.53,13.8
2026-08-16 13:00:00,2,1,259,49.7,29.83
2026-08-16 13:00:00,5,2,934,76.73,13.53
2026-08-16 13:00:00,4,3,613,68.05,28.25
2026-08-16 13:00:00,8,4,313,52.6,23.73
2026-08-16 13:00:00,1,5,464,77.36,27.6
2026-08-16 14:00:00,7,1,919,85.12,9.87
2026-08-16 14:00:00,1,2,624,67.58,27.96
2026-08-16 14:00:00,2,3,972,86.47,18.48
2026-08-16 14:00:00,1,4,247,52.77,13.06
2026-08-16 14:00:00,5,5,664,72.4,26.51
2026-08-16 15:00:00,7,1,458,76.48,9.37
2026-08-16 15:00:00,9,2,806,87.06,22.85
2026-08-16 15:00:00,5,3,856,66.33,29.47
2026-08-16 15:00:00,1,4,409,69.2,15.69
2026-08-16 15:00:00,7,5,434,66.79,21.25
2026-08-16 16:00:00,7,1,297,26.0,30.46
2026-08-16 16:00:00,8,2,347,34.97,27.05
2026-08-16 16:00:00,8,3,301,41.45,10.76
2026-08-16 16:00:00,5,4,303,27.98,13.31
2026-08-16 16:00:00,2,5,373,28.61,24.55
2026-08-16 17:00:00,8,1,129,14.27,20.12
2026-08-16 17:00:00,1,2,449,36.44,22.52
2026-08-16 17:00:00,1,3,164,19.09,25.88
2026-08-16 17:00:00,5,4,236,33.03,10.79
2026-08-16 17:00:00,3,5,436,41.68,22.69
2026-08-16 18:00:00,3,1,145,28.01,30.63
2026-08-16 18:00:00,4,2,158,37.72,28.23
2026-08-16 18:00:00,4,3,265,30.68,29.71
2026-08-16 18:00:00,9,4,167,25.26,17.58
2026-08-16 18:00:00,7,5,431,37.52,22.74
2026-08-16 19:00:00,9,1,288,31.7,23.92
2026-08-16 19:00:00,4,2,216,42.64,25.91
2026-08-16 19:00:00,3,3,200,26.48,31.24
2026-08-16 19:00:00,7,4,275,28.98,16.91
2026-08-16 19:00:00,4,5,252,40.35,11.59
2026-08-16 20:00:00,8,1,261,23.94,14.96
2026-08-16 20:00:00,2,2,124,21.13,25.42
2026-08-16 20:00:00,3,3,159,30.4,13.59
2026-08-16 20:00:00,9,4,174,19.46,12.62
2026-08-16 20:00:00,6,5,166,30.48,8.15
2026-08-16 21:00:00,5,1,120,19.51,17.37
2026-08-16 21:00:00,8,2,211,23.92,23.86
2026-08-16 21:00:00,3,3,98,13.76,23.65
2026-08-16 21:00:00,7,4,129,24.32,21.7
2026-08-16 21:00:00,2,5,414,39.1,9.62
2026-08-16 22:00:00,3,1,256,30.67,24.0
2026-08-16 22:00:00,6,2,303,21.7,10.46
2026-08-16 22:00:00,2,3,216,24.66,10.76
2026-08-16 22:00:00,7,4,148,33.74,10.99
2026-08-16 22:00:00,6,5,394,37.14,25.43
2026-08-16 23:00:00,2,1,411,36.61,13.51
2026-08-16 23:00:00,3,2,134,20.77,22.5
2026-08-16 23:00:00,3,3,95,12.11,19.57
2026-08-16 23:00:00,1,4,253,31.65,18.0
2026-08-16 23:00:00,5,5,123,19.96,20.74
2026-08-17 00:00:00,6,1,93,15.9,26.97
2026-08-17 00:00:00,6,2,138,25.77,26.21
2026-08-17 00:00:00,8,3,174,33.65,21.85
2026-08-17 00:00:00,2,4,226,25.12,14.78
2026-08-17 00:00:00,9,5,211,21.94,31.8
2026-08-17 01:00:00,4,1,124,21.21,30.4
2026-08-17 01:00:00,6,2,148,23.36,20.12
2026-08-17 01:00:00,9,3,76,16.87,25.17
2026-08-17 01:00:00,7,4,177,23.55,14.64
2026-08-17 01:00:00,1,5,136,21.44,23.96
2026-08-17 02:00:00,3,1,172,16.53,16.28
2026-08-17 02:00:00,8,2,186,23.67,18.28
2026-08-17 02:00:00,7,3,447,44.84,19.37
2026-08-17 02:00:00,9,4,265,27.95,17.03
2026-08-17 02:00:00,5,5,261,35.11,14.04
2026-08-17 03:00:00,6,1,249,22.46,17.44
2026-08-17 03:00:00,2,2,90,22.59,8.33
2026-08-17 03:00:00,3,3,177,21.04,31.7
2026-08-17 03:00:00,6,4,284,43.7,20.52
2026-08-17 03:00:00,2,5,212,29.06,22.22
2026-08-17 04:00:00,1,1,216,26.48,19.13
2026-08-17 04:00:00,7,2,200,26.8,20.4
2026-08-17 04:00:00,6,3,192,43.83,28.7
2026-08-17 04:00:00,4,4,187,43.77,24.55
2026-08-17 04:00:00,5,5,204,31.22,18.05
2026-08-17 05:00:00,4,1,300,42.95,9.89
2026-08-17 05:00:00,7,2,166,32.12,26.79
2026-08-17 05:00:00,1,3,184,27.33,16.06
2026-08-17 05:00:00,9,4,151,30.4,25.65
2026-08-17 05:00:00,2,5,145,21.49,10.76
2026-08-17 06:00:00,1,1,420,41.01,11.16
2026-08-17 06:00:00,5,2,458,38.92,20.27
2026-08-17 06:00:00,8,3,90,12.96,29.21
2026-08-17 06:00:00,6,4,242,30.61,31.92
2026-08-17 06:00:00,1,5,252,22.32,11.91
2026-08-17 07:00:00,6,1,247,28.31,25.76
2026-08-17 07:00:00,8,2,109,29.61,19.73
2026-08-17 07:00:00,3,3,259,22.64,25.41
2026-08-17 07:00:00,2,4,349,39.46,16.84
2026-08-17 07:00:00,1,5,132,11.36,30.97
2026-08-17 08:00:00,5,1,452,35.1,20.7
2026-08-17 08:00:00,8,2,322,37.22,10.5
2026-08-17 08:00:00,5,3,270,35.24,10.86
2026-08-17 08:00:00,9,4,387,34.58,27.0
2026-08-17 08:00:00,5,5,130,17.0,19.97
2026-08-17 09:00:00,2,1,407,45.06,21.33
2026-08-17 09:00:00,8,2,376,40.98,25.76
2026-08-17 09:00:00,8,3,301,41.32,24.69
2026-08-17 09:00:00,8,4,205,16.0,28.76
2026-08-17 09:00:00,5,5,282,30.17,25.41
2026-08-17 10:00:00,7,1,677,85.12,30.37
2026-08-17 10:00:00,4,2,513,85.82,28.34
2026-08-17 10:00:00,4,3,1143,90.94,31.17
2026-08-17 10:00:00,3,4,321,58.04,12.74
2026-08-17 10:00:00,3,5,719,62.64,8.59
2026-08-17 11:00:00,1,1,670,65.77,23.71
2026-08-17 11:00:00,9,2,848,90.38,23.14
2026-08-17 11:00:00,7,3,619,86.57,30.6
2026-08-17 11:00:00,9,4,855,71.2,26.13
2026-08-17 11:00:00,7,5,536,56.7,10.18
2026-08-17 12:00:00,1,1,412,44.84,15.44
2026-08-17 12:00:00,3,2,405,53.87,13.92
2026-08-17 12:00:00,5,3,473,42.21,8.17
2026-08-17 12:00:00,7,4,624,58.36,22.98
2026-08-17 12:00:00,2,5,333,67.51,9.14
2026-08-17 13:00:00,5,1,555,88.29,29.85
2026-08-17 13:00:00,3,2,470,59.52,16.52
2026-08-17 13:00:00,5,3,310,44.14,25.56
2026-08-17 13:00:00,6,4,925,91.48,18.89
2026-08-17 13:00:00,1,5,741,52.21,22.71
2026-08-17 14:00:00,9,1,527,89.91,21.33
2026-08-17 14:00:00,6,2,481,83.74,22.39
2026-08-17 14:00:00,4,3,903,85.19,16.64
2026-08-17 14:00:00,4,4,677,60.75,18.79
2026-08-17 14:00:00,8,5,395,82.53,9.31
2026-08-17 15:00:00,1,1,536,53.01,22.48
2026-08-17 15:00:00,2,2,562,67.51,15.54
2026-08-17 15:00:00,8,3,1034,86.44,14.95
2026-08-17 15:00:00,3,4,827,69.12,25.44
2026-08-17 15:00:00,4,5,733,70.3,31.4
2026-08-17 16:00:00,4,1,230,24.7,29.15
2026-08-17 16:00:00,8,2,334,39.46,12.64
2026-08-17 16:00:00,5,3,168,23.84,17.46
2026-08-17 16:00:00,6,4,152,21.02,20.88
2026-08-17 16:00:00,5,5,118,18.8,26.03
2026-08-17 17:00:00,2,1,495,36.64,29.27
2026-08-17 17:00:00,1,2,215,24.22,10.78
2026-08-17 17:00:00,2,3,180,21.69,17.49
2026-08-17 17:00:00,9,4,118,24.24,26.39
2026-08-17 17:00:00,8,5,520,46.64,30.06
2026-08-17 18:00:00,3,1,173,20.31,26.36
2026-08-17 18:00:00,5,2,83,16.89,17.6
2026-08-17 18:00:00,8,3,241,27.38,26.61
2026-08-17 18:00:00,3,4,369,34.96,8.75
2026-08-17 18:00:00,4,5,306,30.33,16.16
2026-08-17 19:00:00,6,1,113,24.21,29.19
2026-08-17 19:00:00,1,2,253,40.74,30.5
2026-08-17 19:00:00,4,3,159,24.35,27.69
2026-08-17 19:00:00,9,4,106,24.74,12.26
2026-08-17 19:00:00,7,5,114,17.72,21.52
2026-08-17 20:00:00,4,1,72,19.87,16.05
2026-08-17 20:00:00,6,2,143,18.51,20.3
2026-08-17 20:00:00,9,3,124,17.08,25.04
2026-08-17 20:00:00,9,4,118,16.59,12.32
2026-08-17 20:00:00,7,5,366,36.29,23.37
2026-08-17 21:00:00,1,1,247,22.36,19.07
2026-08-17 21:00:00,1,2,216,43.81,10.03
2026-08-17 21:00:00,2,3,217,49.39,15.4
2026-08-17 21:00:00,6,4,325,35.91,9.64
2026-08-17 21:00:00,6,5,339,25.89,8.68
2026-08-17 22:00:00,4,1,179,34.17,30.66
2026-08-17 22:00:00,7,2,287,29.4,9.99
2026-08-17 22:00:00,9,3,301,22.09,31.11
2026-08-17 22:00:00,9,4,180,17.24,12.59
2026-08-17 22:00:00,4,5,283,28.78,19.31
2026-08-17 23:00:00,1,1,329,44.53,28.91
2026-08-17 23:00:00,3,2,136,21.68,30.03
2026-08-17 23:00:00,7,3,409,43.09,23.64
2026-08-17 23:00:00,4,4,239,31.32,29.64
2026-08-17 23:00:00,6,5,256,27.47,20.98
2026-08-18 00:00:00,4,1,185,44.04,22.4
2026-08-18 00:00:00,3,2,208,26.27,21.25
2026-08-18 00:00:00,8,3,336,25.8,14.65
2026-08-18 00:00:00,7,4,148,19.31,8.81
2026-08-18 00:00:00,6,5,100,19.45,23.7
2026-08-18 01:00:00,4,1,149,31.36,17.56
2026-08-18 01:00:00,7,2,209,39.73,18.22
2026-08-18 01:00:00,9,3,531,42.75,14.01
2026-08-18 01:00:00,6,4,250,43.72,17.63
2026-08-18 01:00:00,2,5,229,32.21,19.62
2026-08-18 02:00:00,9,1,212,20.74,12.47
2026-08-18 02:00:00,1,2,140,32.38,8.46
2026-08-18 02:00:00,2,3,363,35.88,13.45
2026-08-18 02:00:00,5,4,491,33.83,20.45
2026-08-18 02:00:00,2,5,372,28.05,23.11
2026-08-18 03:00:00,3,1,383,35.49,8.67
2026-08-18 03:00:00,6,2,366,37.02,12.33
2026-08-18 03:00:00,2,3,145,23.34,12.76
2026-08-18 03:00:00,1,4,91,17.3,26.47
2026-08-18 03:00:00,8,5,198,14.7,8.58
2026-08-18 04:00:00,9,1,165,13.56,12.87
2026-08-18 04:00:00,7,2,362,29.05,8.58
2026-08-18 04:00:00,5,3,70,18.69,23.22
2026-08-18 04:00:00,7,4,389,47.48,27.87
2026-08-18 04:00:00,2,5,302,42.15,10.12
2026-08-18 05:00:00,8,1,412,40.23,9.4
2026-08-18 05:00:00,3,2,109,20.31,17.35
2026-08-18 05:00:00,7,3,333,27.2,25.23
2026-08-18 05:00:00,4,4,160,25.29,22.1
2026-08-18 05:00:00,8,5,115,20.46,16.62
2026-08-18 06:00:00,9,1,226,23.25,8.21
2026-08-18 06:00:00,2,2,303,41.09,19.9
2026-08-18 06:00:00,7,3,247,22.28,11.77
2026-08-18 06:00:00,1,4,90,20.38,15.54
2026-08-18 06:00:00,9,5,195,36.07,20.52
2026-08-18 07:00:00,9,1,525,41.81,21.1
2026-08-18 07:00:00,2,2,221,36.14,19.41
2026-08-18 07:00:00,1,3,164,11.71,22.08
2026-08-18 07:00:00,1,4,220,39.78,22.8
2026-08-18 07:00:00,5,5,163,25.91,9.75
2026-08-18 08:00:00,6,1,160,20.72,17.61
2026-08-18 08:00:00,2,2,440,40.59,9.94
2026-08-18 08:00:00,4,3,191,19.53,22.65
2026-08-18 08:00:00,7,4,255,21.88,25.15
2026-08-18 08:00:00,6,5,174,17.57,10.13
2026-08-18 09:00:00,9,1,156,16.31,17.29
2026-08-18 09:00:00,6,2,116,14.91,9.23
2026-08-18 09:00:00,9,3,166,32.26,25.66
2026-08-18 09:00:00,8,4,444,41.48,25.97
2026-08-18 09:00:00,3,5,142,34.7,18.45
2026-08-18 10:00:00,3,1,513,68.99,17.15
2026-08-18 10:00:00,7,2,521,58.51,23.5
2026-08-18 10:00:00,1,3,457,61.4,8.65
2026-08-18 10:00:00,6,4,297,48.37,30.1
2026-08-18 10:00:00,3,5,318,61.14,25.2
2026-08-18 11:00:00,3,1,557,76.73,12.86
2026-08-18 11:00:00,8,2,789,79.92,11.65
2026-08-18 11:00:00,8,3,672,54.06,27.86
2026-08-18 11:00:00,9,4,451,66.83,16.14
2026-08-18 11:00:00,9,5,968,79.16,8.62
2026-08-18 12:00:00,3,1,390,60.8,15.34
2026-08-18 12:00:00,8,2,532,82.69,17.15
2026-08-18 12:00:00,1,3,463,90.0,14.53
2026-08-18 12:00:00,4,4,917,90.03,10.39
2026-08-18 12:00:00,6,5,831,71.75,22.34
2026-08-18 13:00:00,7,1,466,57.05,18.68
2026-08-18 13:00:00,8,2,349,63.89,31.48
2026-08-18 13:00:00,5,3,476,59.38,15.26
2026-08-18 13:00:00,3,4,629,45.0,26.66
2026-08-18 13:00:00,9,5,784,86.46,10.62
2026-08-18 14:00:00,3,1,916,77.24,28.33
2026-08-18 14:00:00,5,2,396,64.55,17.26
2026-08-18 14:00:00,8,3,417,83.11,11.89
2026-08-18 14:00:00,3,4,641,83.17,16.93
2026-08-18 14:00:00,6,5,769,61.43,12.3
2026-08-18 15:00:00,2,1,916,74.49,20.65
2026-08-18 15:00:00,1,2,1027,86.63,30.24
2026-08-18 15:00:00,8,3,561,57.68,22.3
2026-08-18 15:00:00,9,4,349,55.59,24.28
2026-08-18 15:00:00,8,5,240,49.88,21.58
2026-08-18 16:00:00,4,1,63,13.85,10.25
2026-08-18 16:00:00,5,2,259,27.29,20.86
2026-08-18 16:00:00,4,3,242,38.78,31.52
2026-08-18 16:00:00,3,4,107,17.86,29.99
2026-08-18 16:00:00,5,5,280,29.44,9.06
2026-08-18 17:00:00,4,1,364,27.82,22.84
2026-08-18 17:00:00,4,2,396,39.82,27.83
2026-08-18 17:00:00,3,3,65,20.35,22.88
2026-08-18 17:00:00,6,4,227,32.74,9.13
2026-08-18 17:00:00,1,5,230,24.09,31.42
2026-08-18 18:00:00,6,1,380,38.19,20.35
2026-08-18 18:00:00,2,2,332,35.17,22.83
2026-08-18 18:00:00,4,3,87,12.98,19.01
2026-08-18 18:00:00,9,4,137,14.66,24.15
2026-08-18 18:00:00,4,5,382,37.82,23.64
2026-08-18 19:00:00,8,1,281,34.85,31.28
2026-08-18 19:00:00,9,2,443,40.06,19.33
2026-08-18 19:00:00,4,3,230,26.69,14.79
2026-08-18 19:00:00,1,4,154,13.95,19.55
2026-08-18 19:00:00,7,5,287,33.7,17.44
2026-08-18 20:00:00,1,1,244,44.11,8.01
2026-08-18 20:00:00,4,2,189,47.14,10.13
2026-08-18 20:00:00,3,3,179,18.8,16.01
2026-08-18 20:00:00,2,4,98,22.42,21.61
2026-08-18 20:00:00,4,5,247,36.43,16.43
2026-08-18 21:00:00,8,1,142,25.41,22.7
2026-08-18 21:00:00,1,2,243,26.63,14.18
2026-08-18 21:00:00,7,3,195,25.85,25.81
2026-08-18 21:00:00,2,4,228,19.81,10.54
2026-08-18 21:00:00,7,5,422,32.87,16.34
2026-08-18 22:00:00,1,1,124,27.35,23.7
2026-08-18 22:00:00,6,2,164,39.53,22.27
2026-08-18 22:00:00,7,3,212,30.92,25.17
2026-08-18 22:00:00,2,4,406,40.72,20.37
2026-08-18 22:00:00,7,5,217,19.9,14.39
2026-08-18 23:00:00,8,1,298,40.76,16.62
2026-08-18 23:00:00,6,2,154,26.97,18.12
2026-08-18 23:00:00,3,3,153,29.32,20.12
2026-08-18 23:00:00,9,4,137,19.19,21.44
2026-08-18 23:00:00,1,5,153,30.23,13.8
2026-08-19 00:00:00,9,1,105,21.07,27.02
2026-08-19 00:00:00,2,2,306,35.03,23.97
2026-08-19 00:00:00,3,3,461,36.24,8.85
2026-08-19 00:00:00,6,4,71,13.76,20.65
2026-08-19 00:00:00,4,5,192,17.42,30.33
2026-08-19 01:00:00,4,1,386,43.46,28.0
2026-08-19 01:00:00,4,2,203,23.97,13.01
2026-08-19 01:00:00,2,3,220,21.91,20.73
2026-08-19 01:00:00,8,4,169,32.18,23.53
2026-08-19 01:00:00,2,5,236,19.07,18.78
2026-08-19 02:00:00,7,1,263,41.01,31.87
2026-08-19 02:00:00,7,2,225,30.79,8.26
2026-08-19 02:00:00,1,3,550,44.77,25.99
2026-08-19 02:00:00,8,4,294,32.49,17.98
2026-08-19 02:00:00,8,5,230,38.18,10.75
2026-08-19 03:00:00,1,1,382,31.8,21.2
2026-08-19 03:00:00,6,2,189,34.8,12.28
2026-08-19 03:00:00,4,3,386,33.73,10.76
2026-08-19 03:00:00,1,4,396,41.09,12.81
2026-08-19 03:00:00,6,5,290,35.89,12.49
2026-08-19 04:00:00,8,1,360,26.95,29.14
2026-08-19 04:00:00,2,2,181,37.56,9.78
2026-08-19 04:00:00,4,3,277,21.66,13.26
2026-08-19 04:00:00,7,4,210,24.07,9.65
2026-08-19 04:00:00,1,5,426,37.66,9.85
2026-08-19 05:00:00,9,1,158,16.05,15.76
2026-08-19 05:00:00,1,2,374,38.49,23.0
2026-08-19 05:00:00,1,3,362,42.75,22.42
2026-08-19 05:00:00,8,4,279,30.09,23.86
2026-08-19 05:00:00,9,5,255,27.53,28.67
2026-08-19 06:00:00,1,1,302,27.14,21.56
2026-08-19 06:00:00,7,2,153,22.57,22.23
2026-08-19 06:00:00,6,3,247,21.68,12.79
2026-08-19 06:00:00,4,4,363,31.76,31.98
2026-08-19 06:00:00,5,5,496,42.73,18.75
2026-08-19 07:00:00,5,1,188,22.66,28.0
2026-08-19 07:00:00,7,2,152,13.88,27.1
2026-08-19 07:00:00,6,3,274,31.29,10.91
2026-08-19 07:00:00,8,4,187,35.42,17.25
2026-08-19 07:00:00,9,5,296,30.5,10.62
2026-08-19 08:00:00,6,1,275,39.7,12.39
2026-08-19 08:00:00,1,2,140,18.98,22.77
2026-08-19 08:00:00,2,3,406,35.4,22.92
2026-08-19 08:00:00,8,4,97,24.43,20.18
2026-08-19 08:00:00,5,5,277,43.45,15.38
2026-08-19 09:00:00,6,1,388,41.04,23.47
2026-08-19 09:00:00,5,2,81,12.67,15.13
2026-08-19 09:00:00,2,3,429,39.6,14.17
2026-08-19 09:00:00,3,4,298,33.49,31.58
2026-08-19 09:00:00,2,5,141,13.28,9.22
2026-08-19 10:00:00,3,1,613,76.46,17.84
2026-08-19 10:00:00,8,2,878,65.5,27.8
2026-08-19 10:00:00,1,3,899,76.44,24.64
2026-08-19 10:00:00,1,4,551,43.55,23.33
2026-08-19 10:00:00,6,5,978,73.44,12.27
2026-08-19 11:00:00,1,1,530,70.16,9.3
2026-08-19 11:00:00,5,2,469,76.67,19.48
2026-08-19 11:00:00,2,3,707,65.39,10.4
2026-08-19 11:00:00,4,4,896,61.38,28.15
2026-08-19 11:00:00,9,5,410,64.52,22.9
2026-08-19 12:00:00,8,1,1003,78.16,24.78
2026-08-19 12:00:00,4,2,727,69.46,13.17
2026-08-19 12:00:00,5,3,605,47.8,15.58
2026-08-19 12:00:00,4,4,1019,91.4,14.56
2026-08-19 12:00:00,6,5,751,61.83,13.26
2026-08-19 13:00:00,3,1,971,84.98,16.2
2026-08-19 13:00:00,9,2,468,55.11,31.59
2026-08-19 13:00:00,1,3,969,74.7,25.18
2026-08-19 13:00:00,6,4,496,76.64,21.41
2026-08-19 13:00:00,9,5,522,82.65,16.65
2026-08-19 14:00:00,7,1,582,78.44,13.35
2026-08-19 14:00:00,2,2,775,89.35,22.43
2026-08-19 14:00:00,2,3,334,68.6,22.04
2026-08-19 14:00:00,3,4,782,78.7,22.56
2026-08-19 14:00:00,1,5,968,88.78,14.1
2026-08-19 15:00:00,9,1,568,50.0,18.4
2026-08-19 15:00:00,8,2,402,47.91,10.96
2026-08-19 15:00:00,8,3,803,84.34,29.4
2026-08-19 15:00:00,4,4,697,87.24,27.45
2026-08-19 15:00:00,1,5,1050,77.98,13.19
2026-08-19 16:00:00,7,1,121,29.18,23.45
2026-08-19 16:00:00,2,2,276,30.04,19.24
2026-08-19 16:00:00,1,3,216,29.1,24.05
2026-08-19 16:00:00,1,4,337,33.56,8.83
2026-08-19 16:00:00,9,5,141,16.82,22.31
2026-08-19 17:00:00,1,1,300,47.49,25.79
2026-08-19 17:00:00,6,2,382,31.18,17.73
2026-08-19 17:00:00,8,3,143,28.69,21.04
2026-08-19 17:00:00,9,4,180,33.0,11.8
2026-08-19 17:00:00,9,5,215,28.44,31.33
2026-08-19 18:00:00,6,1,168,23.93,22.05
2026-08-19 18:00:00,6,2,488,39.45,16.36
2026-08-19 18:00:00,7,3,552,40.5,9.73
2026-08-19 18:00:00,2,4,160,26.38,13.46
2026-08-19 18:00:00,9,5,134,15.7,25.11
2026-08-19 19:00:00,7,1,273,27.38,28.18
2026-08-19 19:00:00,6,2,164,19.75,12.9
2026-08-19 19:00:00,3,3,269,25.33,30.84
2026-08-19 19:00:00,7,4,212,44.54,14.04
2026-08-19 19:00:00,2,5,132,13.29,12.66
2026-08-19 20:00:00,6,1,276,27.73,14.81
2026-08-19 20:00:00,6,2,199,32.87,22.69
2026-08-19 20:00:00,8,3,506,38.33,9.59
2026-08-19 20:00:00,1,4,123,17.67,17.25
2026-08-19 20:00:00,6,5,534,43.47,13.12
2026-08-19 21:00:00,2,1,232,26.02,8.82
2026-08-19 21:00:00,1,2,411,40.91,11.52
2026-08-19 21:00:00,4,3,178,19.19,8.11
2026-08-19 21:00:00,8,4,576,42.41,24.12
2026-08-19 21:00:00,4,5,78,16.4,26.04
2026-08-19 22:00:00,8,1,311,26.17,26.75
2026-08-19 22:00:00,3,2,283,35.24,30.16
2026-08-19 22:00:00,6,3,167,28.09,20.03
2026-08-19 22:00:00,7,4,222,23.53,13.74
2026-08-19 22:00:00,2,5,226,18.33,11.56
2026-08-19 23:00:00,3,1,306,30.5,15.74
2026-08-19 23:00:00,6,2,134,20.95,27.2
2026-08-19 23:00:00,3,3,276,22.24,31.76
2026-08-19 23:00:00,4,4,175,23.67,14.65
2026-08-19 23:00:00,7,5,253,33.71,17.73
2026-08-20 00:00:00,3,1,232,17.41,21.53
2026-08-20 00:00:00,1,2,133,27.44,12.14
2026-08-20 00:00:00,5,3,361,35.15,29.99
2026-08-20 00:00:00,3,4,75,13.44,17.16
2026-08-20 00:00:00,9,5,96,24.36,21.24
2026-08-20 01:00:00,4,1,113,17.36,21.32
2026-08-20 01:00:00,2,2,292,26.52,8.78
2026-08-20 01:00:00,2,3,106,14.23,19.35
2026-08-20 01:00:00,7,4,200,22.31,16.72
2026-08-20 01:00:00,4,5,410,45.58,13.91
2026-08-20 02:00:00,8,1,306,41.12,12.43
2026-08-20 02:00:00,3,2,149,21.15,28.08
2026-08-20 02:00:00,8,3,387,40.42,24.48
2026-08-20 02:00:00,5,4,234,32.44,18.42
2026-08-20 02:00:00,3,5,172,25.32,11.62
2026-08-20 03:00:00,7,1,309,30.62,16.0
2026-08-20 03:00:00,8,2,165,27.31,28.41
2026-08-20 03:00:00,8,3,309,40.98,16.5
2026-08-20 03:00:00,6,4,189,37.92,23.74
2026-08-20 03:00:00,9,5,224,17.59,28.59
2026-08-20 04:00:00,9,1,374,37.33,22.41
2026-08-20 04:00:00,7,2,321,42.6,21.59
2026-08-20 04:00:00,3,3,114,20.79,11.06
2026-08-20 04:00:00,5,4,115,13.83,11.02
2026-08-20 04:00:00,1,5,179,31.28,21.69
2026-08-20 05:00:00,6,1,245,28.66,21.53
2026-08-20 05:00:00,4,2,130,20.6,18.53
2026-08-20 05:00:00,2,3,180,27.24,20.29
2026-08-20 05:00:00,9,4,204,49.13,18.25
2026-08-20 05:00:00,7,5,153,23.9,10.48
2026-08-20 06:00:00,4,1,105,24.77,17.54
2026-08-20 06:00:00,7,2,267,26.77,29.56
2026-08-20 06:00:00,4,3,214,26.11,29.34
2026-08-20 06:00:00,2,4,70,18.04,10.75
2026-08-20 06:00:00,1,5,209,47.16,14.77
2026-08-20 07:00:00,4,1,279,27.05,15.43
2026-08-20 07:00:00,9,2,258,26.03,28.84
2026-08-20 07:00:00,7,3,262,35.89,13.23
2026-08-20 07:00:00,6,4,134,16.35,14.24
2026-08-20 07:00:00,8,5,172,16.52,17.1
2026-08-20 08:00:00,1,1,189,29.13,29.86
2026-08-20 08:00:00,2,2,404,39.82,14.76
2026-08-20 08:00:00,8,3,331,32.61,12.68
2026-08-20 08:00:00,9,4,235,20.53,19.55
2026-08-20 08:00:00,9,5,96,17.27,10.89
2026-08-20 09:00:00,5,1,427,36.55,19.09
2026-08-20 09:00:00,2,2,177,22.21,10.31
2026-08-20 09:00:00,1,3,399,43.35,10.6
2026-08-20 09:00:00,4,4,158,24.05,14.27
2026-08-20 09:00:00,6,5,201,35.98,8.54
2026-08-20 10:00:00,2,1,380,61.2,11.52
2026-08-20 10:00:00,5,2,502,80.53,28.11
2026-08-20 10:00:00,1,3,781,64.88,11.53
2026-08-20 10:00:00,8,4,640,56.33,12.85
2026-08-20 10:00:00,3,5,318,66.06,15.45
2026-08-20 11:00:00,3,1,596,67.74,15.87
2026-08-20 11:00:00,3,2,1021,76.5,25.53
2026-08-20 11:00:00,7,3,720,55.22,17.46
2026-08-20 11:00:00,2,4,765,73.34,16.86
2026-08-20 11:00:00,8,5,620,54.18,12.01
2026-08-20 12:00:00,6,1,692,73.73,20.52
2026-08-20 12:00:00,4,2,677,84.12,8.08
2026-08-20 12:00:00,1,3,852,73.08,24.53
2026-08-20 12:00:00,6,4,842,63.27,12.99
2026-08-20 12:00:00,5,5,941,86.76,27.26
2026-08-20 13:00:00,8,1,836,63.86,21.28
2026-08-20 13:00:00,1,2,370,63.77,13.58
2026-08-20 13:00:00,6,3,495,64.88,22.62
2026-08-20 13:00:00,1,4,377,77.4,29.13
2026-08-20 13:00:00,6,5,914,83.04,11.55
2026-08-20 14:00:00,6,1,395,57.28,24.2
2026-08-20 14:00:00,2,2,304,51.25,23.33
2026-08-20 14:00:00,1,3,363,71.07,21.01
2026-08-20 14:00:00,3,4,599,56.48,31.2
2026-08-20 14:00:00,1,5,574,84.33,8.45
2026-08-20 15:00:00,2,1,665,52.39,26.92
2026-08-20 15:00:00,6,2,490,43.74,17.38
2026-08-20 15:00:00,9,3,461,63.69,27.37
2026-08-20 15:00:00,9,4,464,65.4,25.44
2026-08-20 15:00:00,6,5,559,65.94,27.98
2026-08-20 16:00:00,2,1,481,39.74,22.18
2026-08-20 16:00:00,6,2,130,33.85,12.69
2026-08-20 16:00:00,1,3,136,27.72,19.18
2026-08-20 16:00:00,6,4,226,23.72,13.05
2026-08-20 16:00:00,2,5,523,40.21,15.93
2026-08-20 17:00:00,5,1,151,33.47,11.9
2026-08-20 17:00:00,8,2,427,44.51,29.4
2026-08-20 17:00:00,8,3,158,18.82,19.87
2026-08-20 17:00:00,5,4,274,25.48,11.26
2026-08-20 17:00:00,2,5,195,39.94,18.27
2026-08-20 18:00:00,8,1,126,28.93,21.4
2026-08-20 18:00:00,7,2,392,40.64,26.19
2026-08-20 18:00:00,1,3,171,17.69,27.03
2026-08-20 18:00:00,1,4,155,23.49,21.07
2026-08-20 18:00:00,4,5,173,24.4,20.41
2026-08-20 19:00:00,4,1,303,33.69,26.67
2026-08-20 19:00:00,1,2,278,36.41,19.27
2026-08-20 19:00:00,6,3,215,29.47,28.96
2026-08-20 19:00:00,6,4,224,38.95,18.49
2026-08-20 19:00:00,3,5,242,29.4,29.11
2026-08-20 20:00:00,1,1,58,18.5,15.58
2026-08-20 20:00:00,1,2,342,31.67,19.76
2026-08-20 20:00:00,9,3,129,23.27,18.54
2026-08-20 20:00:00,5,4,393,45.36,17.19
2026-08-20 20:00:00,3,5,333,37.48,24.52
2026-08-20 21:00:00,9,1,377,46.03,10.88
2026-08-20 21:00:00,3,2,302,32.55,8.09
2026-08-20 21:00:00,9,3,152,18.72,20.15
2026-08-20 21:00:00,6,4,97,25.49,17.46
2026-08-20 21:00:00,9,5,135,24.47,25.98
2026-08-20 22:00:00,6,1,235,25.07,27.14
2026-08-20 22:00:00,9,2,343,27.95,31.48
2026-08-20 22:00:00,2,3,170,20.51,31.06
2026-08-20 22:00:00,2,4,253,40.45,9.11
2026-08-20 22:00:00,7,5,211,25.66,15.54
2026-08-20 23:00:00,2,1,264,36.51,19.17
2026-08-20 23:00:00,7,2,218,36.35,19.09
2026-08-20 23:00:00,8,3,324,26.88,23.13
2026-08-20 23:00:00,5,4,199,29.32,16.65
2026-08-20 23:00:00,5,5,147,28.19,14.25
2026-08-21 00:00:00,8,1,267,25.87,13.93
2026-08-21 00:00:00,5,2,436,31.27,25.09
2026-08-21 00:00:00,9,3,134,21.85,20.09
2026-08-21 00:00:00,9,4,143,22.95,31.85
2026-08-21 00:00:00,8,5,356,33.64,21.43
2026-08-21 01:00:00,7,1,381,32.01,26.49
2026-08-21 01:00:00,1,2,133,15.7,23.43
2026-08-21 01:00:00,7,3,266,41.27,12.5
2026-08-21 01:00:00,8,4,594,40.24,21.47
2026-08-21 01:00:00,2,5,486,46.86,15.86
2026-08-21 02:00:00,8,1,526,41.43,27.33
2026-08-21 02:00:00,8,2,227,24.79,10.14
2026-08-21 02:00:00,8,3,291,45.21,15.43
2026-08-21 02:00:00,7,4,376,41.9,24.27
2026-08-21 02:00:00,8,5,305,41.47,27.68
2026-08-21 03:00:00,4,1,126,20.05,13.75
2026-08-21 03:00:00,5,2,95,22.77,22.6
2026-08-21 03:00:00,2,3,148,25.12,23.0
2026-08-21 03:00:00,1,4,101,18.75,30.23
2026-08-21 03:00:00,1,5,141,16.57,23.55
2026-08-21 04:00:00,4,1,286,30.22,28.29
2026-08-21 04:00:00,1,2,142,17.51,8.31
2026-08-21 04:00:00,7,3,461,40.29,22.43
2026-08-21 04:00:00,6,4,98,16.58,15.77
2026-08-21 04:00:00,2,5,169,13.86,8.5
2026-08-21 05:00:00,4,1,360,33.56,25.59
2026-08-21 05:00:00,9,2,123,26.49,21.04
2026-08-21 05:00:00,6,3,385,29.61,11.72
2026-08-21 05:00:00,5,4,193,28.74,31.22
2026-08-21 05:00:00,6,5,195,24.98,15.12
2026-08-21 06:00:00,2,1,128,22.94,20.67
2026-08-21 06:00:00,1,2,167,24.09,22.0
2026-08-21 06:00:00,6,3,175,27.68,20.28
2026-08-21 06:00:00,6,4,471,47.73,16.97
2026-08-21 06:00:00,3,5,131,17.42,16.52
2026-08-21 07:00:00,8,1,305,40.8,12.09
2026-08-21 07:00:00,7,2,214,28.89,25.84
2026-08-21 07:00:00,4,3,407,37.63,14.21
2026-08-21 07:00:00,2,4,272,23.22,31.84
2026-08-21 07:00:00,8,5,150,11.06,24.63
2026-08-21 08:00:00,5,1,96,16.39,11.9
2026-08-21 08:00:00,6,2,174,31.55,20.26
2026-08-21 08:00:00,6,3,323,25.02,12.07
2026-08-21 08:00:00,9,4,363,36.78,9.12
2026-08-21 08:00:00,4,5,265,37.21,23.12
2026-08-21 09:00:00,2,1,221,34.94,16.79
2026-08-21 09:00:00,6,2,356,39.92,15.14
2026-08-21 09:00:00,2,3,258,20.94,23.64
2026-08-21 09:00:00,3,4,498,41.95,22.11
2026-08-21 09:00:00,4,5,181,39.52,30.78
2026-08-21 10:00:00,5,1,736,54.35,27.97
2026-08-21 10:00:00,9,2,460,70.89,27.22
2026-08-21 10:00:00,3,3,771,58.2,26.33
2026-08-21 10:00:00,1,4,555,64.32,20.19
2026-08-21 10:00:00,6,5,899,64.11,22.02
2026-08-21 11:00:00,8,1,602,68.28,8.78
2026-08-21 11:00:00,5,2,1057,80.18,21.91
2026-08-21 11:00:00,4,3,270,53.75,24.11
2026-08-21 11:00:00,6,4,492,84.22,21.14
2026-08-21 11:00:00,5,5,1024,83.0,24.32
2026-08-21 12:00:00,5,1,758,83.23,8.68
2026-08-21 12:00:00,4,2,1046,73.24,24.68
2026-08-21 12:00:00,9,3,396,61.74,29.57
2026-08-21 12:00:00,8,4,559,68.18,26.22
2026-08-21 12:00:00,2,5,523,66.71,13.59
2026-08-21 13:00:00,6,1,1039,81.01,26.63
2026-08-21 13:00:00,8,2,1030,87.11,24.63
2026-08-21 13:00:00,2,3,585,89.26,31.57
2026-08-21 13:00:00,7,4,1060,88.85,18.52
2026-08-21 13:00:00,6,5,363,74.51,19.85
2026-08-21 14:00:00,2,1,343,66.1,11.58
2026-08-21 14:00:00,7,2,879,67.49,24.12
2026-08-21 14:00:00,9,3,506,81.99,15.4
2026-08-21 14:00:00,3,4,788,60.73,9.12
2026-08-21 14:00:00,7,5,931,83.23,25.17
2026-08-21 15:00:00,2,1,587,65.58,23.73
2026-08-21 15:00:00,7,2,328,57.96,15.48
2026-08-21 15:00:00,6,3,1013,92.16,16.18
2026-08-21 15:00:00,2,4,872,74.53,11.51
2026-08-21 15:00:00,1,5,447,91.91,20.42
2026-08-21 16:00:00,4,1,117,20.14,22.17
2026-08-21 16:00:00,7,2,103,15.46,30.8
2026-08-21 16:00:00,1,3,123,15.79,11.78
2026-08-21 16:00:00,6,4,162,31.63,19.12
2026-08-21 16:00:00,4,5,275,48.74,21.75
2026-08-21 17:00:00,2,1,134,23.34,12.21
2026-08-21 17:00:00,7,2,110,22.37,10.73
2026-08-21 17:00:00,4,3,268,26.13,8.65
2026-08-21 17:00:00,8,4,193,26.92,12.66
2026-08-21 17:00:00,9,5,202,15.52,10.84
2026-08-21 18:00:00,2,1,81,12.36,23.68
2026-08-21 18:00:00,1,2,423,38.45,12.77
2026-08-21 18:00:00,5,3,383,45.36,22.99
2026-08-21 18:00:00,3,4,328,30.42,20.04
2026-08-21 18:00:00,3,5,532,41.32,19.68
2026-08-21 19:00:00,4,1,153,32.51,22.14
2026-08-21 19:00:00,9,2,285,24.12,18.5
2026-08-21 19:00:00,7,3,194,23.21,17.43
2026-08-21 19:00:00,3,4,117,23.51,12.37
2026-08-21 19:00:00,2,5,234,24.19,8.7
2026-08-21 20:00:00,3,1,391,38.71,17.45
2026-08-21 20:00:00,2,2,274,24.93,25.47
2026-08-21 20:00:00,6,3,359,26.53,12.93
2026-08-21 20:00:00,9,4,397,37.94,20.52
2026-08-21 20:00:00,6,5,349,37.36,20.8
2026-08-21 21:00:00,2,1,156,29.27,27.09
2026-08-21 21:00:00,8,2,138,25.52,26.15
2026-08-21 21:00:00,5,3,188,23.09,12.25
2026-08-21 21:00:00,5,4,153,11.22,15.07
2026-08-21 21:00:00,5,5,422,35.27,9.3
2026-08-21 22:00:00,2,1,112,23.06,30.76
2026-08-21 22:00:00,4,2,139,19.68,22.64
2026-08-21 22:00:00,2,3,115,14.51,19.61
2026-08-21 22:00:00,4,4,428,35.54,15.93
2026-08-21 22:00:00,4,5,203,18.81,17.55
2026-08-21 23:00:00,4,1,295,35.14,10.4
2026-08-21 23:00:00,4,2,155,25.35,25.21
2026-08-21 23:00:00,9,3,254,20.94,17.14
2026-08-21 23:00:00,2,4,259,33.85,19.01
2026-08-21 23:00:00,5,5,375,32.54,13.72
2026-08-22 00:00:00,4,1,281,27.81,30.23
2026-08-22 00:00:00,2,2,173,30.78,28.4
2026-08-22 00:00:00,7,3,232,28.75,28.45
2026-08-22 00:00:00,8,4,141,25.55,20.69
2026-08-22 00:00:00,8,5,133,22.91,15.01
2026-08-22 01:00:00,8,1,297,26.58,19.94
2026-08-22 01:00:00,7,2,246,19.69,19.26
2026-08-22 01:00:00,5,3,127,23.3,19.93
2026-08-22 01:00:00,2,4,233,29.57,30.89
2026-08-22 01:00:00,2,5,183,23.21,19.01
2026-08-22 02:00:00,4,1,213,30.49,24.86
2026-08-22 02:00:00,4,2,133,16.38,11.54
2026-08-22 02:00:00,1,3,105,25.76,15.65
2026-08-22 02:00:00,3,4,317,35.38,19.08
2026-08-22 02:00:00,9,5,181,34.1,18.91
2026-08-22 03:00:00,1,1,409,34.85,19.58
2026-08-22 03:00:00,7,2,90,23.45,20.65
2026-08-22 03:00:00,4,3,204,21.81,13.77
2026-08-22 03:00:00,2,4,262,31.83,12.48
2026-08-22 03:00:00,4,5,423,35.28,13.5
2026-08-22 04:00:00,2,1,296,34.2,20.7
2026-08-22 04:00:00,3,2,184,30.56,18.64
2026-08-22 04:00:00,7,3,153,13.45,18.2
2026-08-22 04:00:00,8,4,293,29.23,24.77
2026-08-22 04:00:00,8,5,370,40.18,14.09
2026-08-22 05:00:00,8,1,254,41.59,22.67
2026-08-22 05:00:00,9,2,218,17.27,22.2
2026-08-22 05:00:00,9,3,129,30.2,18.08
2026-08-22 05:00:00,6,4,127,31.21,28.88
2026-08-22 05:00:00,1,5,231,30.67,17.38
2026-08-22 06:00:00,3,1,306,34.68,18.44
2026-08-22 06:00:00,3,2,409,36.33,11.55
2026-08-22 06:00:00,9,3,226,31.12,8.97
2026-08-22 06:00:00,8,4,468,41.84,21.39
2026-08-22 06:00:00,8,5,343,32.4,19.87
2026-08-22 07:00:00,1,1,189,34.66,28.38
2026-08-22 07:00:00,6,2,228,27.56,9.13
2026-08-22 07:00:00,5,3,259,26.48,17.61
2026-08-22 07:00:00,2,4,223,41.63,23.47
2026-08-22 07:00:00,7,5,586,48.82,15.5
2026-08-22 08:00:00,6,1,223,44.48,23.87
2026-08-22 08:00:00,9,2,504,41.09,10.8
2026-08-22 08:00:00,4,3,524,43.04,31.6
2026-08-22 08:00:00,2,4,252,38.5,30.14
2026-08-22 08:00:00,7,5,222,23.32,12.47
2026-08-22 09:00:00,3,1,199,29.89,28.83
2026-08-22 09:00:00,8,2,313,28.24,24.93
2026-08-22 09:00:00,1,3,189,32.21,28.73
2026-08-22 09:00:00,9,4,162,13.93,9.12
2026-08-22 09:00:00,7,5,92,20.31,20.95
2026-08-22 10:00:00,4,1,711,86.97,28.29
2026-08-22 10:00:00,1,2,689,61.3,18.37
2026-08-22 10:00:00,4,3,1004,84.16,17.55
2026-08-22 10:00:00,5,4,916,89.52,17.71
2026-08-22 10:00:00,5,5,504,83.53,8.92
2026-08-22 11:00:00,6,1,690,62.38,27.8
2026-08-22 11:00:00,4,2,997,83.47,9.48
2026-08-22 11:00:00,3,3,767,52.69,27.02
2026-08-22 11:00:00,5,4,654,69.93,24.01
2026-08-22 11:00:00,8,5,411,73.87,21.29
2026-08-22 12:00:00,3,1,677,60.51,14.2
2026-08-22 12:00:00,2,2,437,48.17,19.34
2026-08-22 12:00:00,3,3,427,64.92,24.31
2026-08-22 12:00:00,2,4,1032,81.04,24.45
2026-08-22 12:00:00,5,5,550,57.36,16.06
2026-08-22 13:00:00,9,1,924,71.84,9.89
2026-08-22 13:00:00,2,2,597,65.47,18.46
2026-08-22 13:00:00,2,3,683,82.88,22.3
2026-08-22 13:00:00,7,4,726,82.01,24.31
2026-08-22 13:00:00,6,5,433,61.12,15.32
2026-08-22 14:00:00,9,1,429,71.45,25.32
2026-08-22 14:00:00,5,2,465,75.69,11.21
2026-08-22 14:00:00,7,3,372,45.4,17.77
2026-08-22 14:00:00,1,4,304,67.38,9.59
2026-08-22 14:00:00,8,5,508,48.54,27.99
2026-08-22 15:00:00,1,1,378,51.61,18.36
2026-08-22 15:00:00,3,2,893,69.64,26.7
2026-08-22 15:00:00,3,3,593,61.51,29.26
2026-08-22 15:00:00,1,4,821,76.35,23.68
2026-08-22 15:00:00,2,5,377,54.18,14.61
2026-08-22 16:00:00,3,1,313,35.88,15.64
2026-08-22 16:00:00,6,2,348,31.15,21.26
2026-08-22 16:00:00,4,3,95,18.06,30.38
2026-08-22 16:00:00,1,4,151,22.7,23.74
2026-08-22 16:00:00,3,5,314,30.76,18.75
2026-08-22 17:00:00,9,1,200,43.63,21.05
2026-08-22 17:00:00,3,2,466,37.35,8.79
2026-08-22 17:00:00,2,3,214,22.35,29.96
2026-08-22 17:00:00,5,4,413,45.58,9.8
2026-08-22 17:00:00,9,5,263,27.21,11.65
2026-08-22 18:00:00,3,1,340,33.91,12.73
2026-08-22 18:00:00,1,2,335,33.23,15.54
2026-08-22 18:00:00,4,3,353,43.2,29.37
2026-08-22 18:00:00,5,4,424,45.26,23.38
2026-08-22 18:00:00,6,5,225,27.41,30.9
2026-08-22 19:00:00,1,1,177,29.22,24.67
2026-08-22 19:00:00,7,2,212,37.55,10.49
2026-08-22 19:00:00,9,3,312,38.78,11.02
2026-08-22 19:00:00,9,4,336,34.71,31.19
2026-08-22 19:00:00,1,5,133,21.37,9.68
2026-08-22 20:00:00,7,1,212,22.67,18.59
2026-08-22 20:00:00,6,2,455,37.95,11.09
2026-08-22 20:00:00,4,3,161,32.72,17.54
2026-08-22 20:00:00,9,4,109,24.14,30.74
2026-08-22 20:00:00,4,5,296,36.31,14.96
2026-08-22 21:00:00,1,1,231,29.1,25.71
2026-08-22 21:00:00,2,2,195,21.92,25.05
2026-08-22 21:00:00,4,3,529,41.1,25.52
2026-08-22 21:00:00,1,4,95,23.12,15.45
2026-08-22 21:00:00,8,5,71,14.92,13.64
2026-08-22 22:00:00,8,1,576,49.37,27.12
2026-08-22 22:00:00,5,2,109,21.62,10.59
2026-08-22 22:00:00,3,3,236,41.56,9.8
2026-08-22 22:00:00,2,4,87,17.12,9.37
2026-08-22 22:00:00,6,5,300,31.52,18.94
2026-08-22 23:00:00,2,1,250,28.23,12.25
2026-08-22 23:00:00,3,2,198,23.6,10.1
2026-08-22 23:00:00,2,3,139,32.24,27.01
2026-08-22 23:00:00,1,4,332,36.47,10.73
2026-08-22 23:00:00,3,5,265,42.51,9.5
2026-08-23 00:00:00,8,1,68,10.98,20.29
2026-08-23 00:00:00,7,2,251,38.42,25.68
2026-08-23 00:00:00,5,3,114,22.81,11.34
2026-08-23 00:00:00,2,4,245,32.89,13.72
2026-08-23 00:00:00,8,5,429,45.74,17.59
2026-08-23 01:00:00,4,1,269,29.75,31.55
2026-08-23 01:00:00,3,2,336,32.81,31.94
2026-08-23 01:00:00,1,3,120,15.98,20.32
2026-08-23 01:00:00,5,4,111,20.63,9.24
2026-08-23 01:00:00,9,5,150,23.71,20.23
2026-08-23 02:00:00,6,1,227,25.87,23.18
2026-08-23 02:00:00,9,2,81,19.41,21.37
2026-08-23 02:00:00,2,3,383,46.56,25.62
2026-08-23 02:00:00,3,4,484,48.68,28.34
2026-08-23 02:00:00,4,5,257,31.15,24.97
2026-08-23 03:00:00,3,1,411,45.3,11.97
2026-08-23 03:00:00,9,2,183,30.9,20.68
2026-08-23 03:00:00,2,3,115,24.06,25.83
2026-08-23 03:00:00,1,4,156,29.36,21.71
2026-08-23 03:00:00,8,5,113,13.22,24.11
2026-08-23 04:00:00,5,1,93,12.87,25.9
2026-08-23 04:00:00,7,2,444,33.12,24.46
2026-08-23 04:00:00,1,3,506,45.62,19.81
2026-08-23 04:00:00,9,4,134,22.87,11.33
2026-08-23 04:00:00,3,5,310,28.55,18.49
2026-08-23 05:00:00,8,1,179,37.32,29.41
2026-08-23 05:00:00,6,2,129,22.9,20.52
2026-08-23 05:00:00,4,3,185,25.53,19.36
2026-08-23 05:00:00,7,4,67,12.72,15.89
2026-08-23 05:00:00,3,5,114,17.49,13.28
2026-08-23 06:00:00,3,1,193,24.38,24.39
2026-08-23 06:00:00,8,2,444,36.43,31.2
2026-08-23 06:00:00,6,3,185,25.27,19.29
2026-08-23 06:00:00,9,4,439,41.42,22.77
2026-08-23 06:00:00,7,5,246,39.07,13.15
2026-08-23 07:00:00,6,1,208,25.55,25.54
2026-08-23 07:00:00,4,2,122,26.89,23.31
2026-08-23 07:00:00,1,3,192,19.73,27.93
2026-08-23 07:00:00,8,4,243,27.26,29.95
2026-08-23 07:00:00,8,5,278,30.92,11.4
2026-08-23 08:00:00,8,1,109,19.03,22.06
2026-08-23 08:00:00,1,2,256,33.68,20.26
2026-08-23 08:00:00,7,3,228,33.76,14.53
2026-08-23 08:00:00,8,4,321,45.92,15.43
2026-08-23 08:00:00,4,5,541,42.67,24.6
2026-08-23 09:00:00,7,1,513,36.2,15.84
2026-08-23 09:00:00,3,2,139,18.62,17.32
2026-08-23 09:00:00,1,3,261,27.29,13.52
2026-08-23 09:00:00,8,4,151,21.26,27.62
2026-08-23 09:00:00,4,5,334,39.75,12.95
2026-08-23 10:00:00,6,1,478,82.09,17.14
2026-08-23 10:00:00,1,2,514,71.29,31.5
2026-08-23 10:00:00,2,3,1188,85.72,18.29
2026-08-23 10:00:00,8,4,592,64.78,23.44
2026-08-23 10:00:00,6,5,564,58.21,27.27
2026-08-23 11:00:00,8,1,603,60.02,31.58
2026-08-23 11:00:00,4,2,610,74.9,10.38
2026-08-23 11:00:00,8,3,560,80.4,15.55
2026-08-23 11:00:00,3,4,1053,88.0,24.63
2026-08-23 11:00:00,4,5,668,82.59,31.87
2026-08-23 12:00:00,5,1,551,93.19,14.42
2026-08-23 12:00:00,5,2,760,84.35,16.7
2026-08-23 12:00:00,4,3,384,75.37,16.33
2026-08-23 12:00:00,1,4,989,90.72,30.5
2026-08-23 12:00:00,2,5,410,83.31,23.2
2026-08-23 13:00:00,8,1,541,53.25,24.49
2026-08-23 13:00:00,1,2,732,59.93,27.77
2026-08-23 13:00:00,7,3,509,84.18,24.58
2026-08-23 13:00:00,8,4,527,56.53,26.68
2026-08-23 13:00:00,7,5,427,45.21,23.54
2026-08-23 14:00:00,3,1,810,82.97,14.36
2026-08-23 14:00:00,9,2,852,76.22,27.28
2026-08-23 14:00:00,3,3,524,67.9,20.81
2026-08-23 14:00:00,4,4,372,46.87,29.82
2026-08-23 14:00:00,5,5,275,50.4,28.87
2026-08-23 15:00:00,8,1,396,80.24,10.06
2026-08-23 15:00:00,7,2,600,77.19,19.28
2026-08-23 15:00:00,9,3,539,64.8,18.52
2026-08-23 15:00:00,4,4,300,54.78,12.85
2026-08-23 15:00:00,8,5,387,61.42,26.71
2026-08-23 16:00:00,5,1,354,42.39,22.96
2026-08-23 16:00:00,5,2,307,40.14,13.64
2026-08-23 16:00:00,5,3,155,32.93,9.22
2026-08-23 16:00:00,9,4,210,36.77,24.44
2026-08-23 16:00:00,2,5,173,15.88,22.02
2026-08-23 17:00:00,1,1,230,28.91,29.39
2026-08-23 17:00:00,2,2,266,37.26,29.74
2026-08-23 17:00:00,6,3,329,46.21,18.11
2026-08-23 17:00:00,6,4,351,38.2,12.1
2026-08-23 17:00:00,8,5,222,16.64,29.96
2026-08-23 18:00:00,6,1,300,33.91,8.17
2026-08-23 18:00:00,8,2,216,30.87,25.12
2026-08-23 18:00:00,5,3,326,29.28,27.06
2026-08-23 18:00:00,3,4,122,24.19,21.19
2026-08-23 18:00:00,4,5,336,30.64,11.12
2026-08-23 19:00:00,5,1,423,46.45,10.4
2026-08-23 19:00:00,5,2,162,23.89,27.29
2026-08-23 19:00:00,5,3,566,41.34,10.03
2026-08-23 19:00:00,5,4,178,29.31,17.89
2026-08-23 19:00:00,3,5,114,16.13,31.97
2026-08-23 20:00:00,9,1,222,39.5,24.95
2026-08-23 20:00:00,2,2,386,33.23,18.49
2026-08-23 20:00:00,2,3,113,28.15,21.14
2026-08-23 20:00:00,2,4,195,35.64,9.64
2026-08-23 20:00:00,9,5,71,18.44,30.61
2026-08-23 21:00:00,2,1,214,17.67,25.85
2026-08-23 21:00:00,9,2,183,40.3,31.24
2026-08-23 21:00:00,4,3,268,23.68,28.61
2026-08-23 21:00:00,5,4,325,36.82,8.64
2026-08-23 21:00:00,9,5,173,42.18,9.25
2026-08-23 22:00:00,1,1,309,34.86,18.83
2026-08-23 22:00:00,9,2,280,48.68,19.19
2026-08-23 22:00:00,8,3,291,37.3,26.98
2026-08-23 22:00:00,9,4,239,24.15,10.0
2026-08-23 22:00:00,7,5,137,29.28,8.04
2026-08-23 23:00:00,9,1,485,44.76,19.49
2026-08-23 23:00:00,4,2,283,32.87,24.24
2026-08-23 23:00:00,5,3,348,40.02,10.97
2026-08-23 23:00:00,6,4,215,20.26,11.02
2026-08-23 23:00:00,7,5,189,26.28,9.92
2026-08-24 00:00:00,4,1,405,36.36,15.31
2026-08-24 00:00:00,3,2,309,25.93,8.46
2026-08-24 00:00:00,2,3,156,34.16,20.28
2026-08-24 00:00:00,9,4,105,15.11,21.22
2026-08-24 00:00:00,8,5,116,16.78,13.0
2026-08-24 01:00:00,8,1,262,35.37,16.25
2026-08-24 01:00:00,8,2,288,33.11,30.22
2026-08-24 01:00:00,7,3,295,33.71,23.47
2026-08-24 01:00:00,6,4,177,36.32,20.22
2026-08-24 01:00:00,6,5,254,24.14,12.49
2026-08-24 02:00:00,4,1,422,42.67,21.68
2026-08-24 02:00:00,8,2,126,23.42,23.16
2026-08-24 02:00:00,2,3,230,29.04,10.94
2026-08-24 02:00:00,1,4,128,13.85,24.39
2026-08-24 02:00:00,3,5,305,42.11,20.25
2026-08-24 03:00:00,6,1,220,24.57,23.76
2026-08-24 03:00:00,2,2,346,37.1,14.93
2026-08-24 03:00:00,7,3,153,24.7,26.99
2026-08-24 03:00:00,2,4,219,25.74,22.22
2026-08-24 03:00:00,2,5,305,24.06,26.86
2026-08-24 04:00:00,3,1,423,37.76,17.78
2026-08-24 04:00:00,5,2,355,36.88,15.58
2026-08-24 04:00:00,4,3,437,44.96,16.77
2026-08-24 04:00:00,9,4,308,33.07,30.23
2026-08-24 04:00:00,2,5,104,22.16,18.11
2026-08-24 05:00:00,3,1,94,15.77,19.78
2026-08-24 05:00:00,5,2,317,32.45,10.72
2026-08-24 05:00:00,9,3,135,21.3,23.72
2026-08-24 05:00:00,2,4,204,20.27,24.31
2026-08-24 05:00:00,7,5,77,16.05,8.66
2026-08-24 06:00:00,2,1,153,17.69,14.9
2026-08-24 06:00:00,4,2,404,49.36,19.95
2026-08-24 06:00:00,2,3,145,23.81,12.3
2026-08-24 06:00:00,6,4,150,26.46,12.89
2026-08-24 06:00:00,3,5,408,36.19,11.05
2026-08-24 07:00:00,7,1,367,34.47,29.33
2026-08-24 07:00:00,4,2,367,40.4,21.65
2026-08-24 07:00:00,5,3,230,28.53,24.52
2026-08-24 07:00:00,6,4,181,32.46,18.89
2026-08-24 07:00:00,1,5,89,20.75,24.62
2026-08-24 08:00:00,3,1,276,22.32,25.79
2026-08-24 08:00:00,5,2,172,33.69,24.53
2026-08-24 08:00:00,7,3,119,30.83,16.87
2026-08-24 08:00:00,2,4,283,39.81,19.59
2026-08-24 08:00:00,8,5,265,47.07,23.79
2026-08-24 09:00:00,7,1,107,24.98,14.33
2026-08-24 09:00:00,3,2,93,19.81,10.11
2026-08-24 09:00:00,6,3,235,28.4,24.24
2026-08-24 09:00:00,3,4,215,29.08,10.14
2026-08-24 09:00:00,7,5,474,42.91,8.52
2026-08-24 10:00:00,9,1,1075,85.97,11.32
2026-08-24 10:00:00,9,2,442,63.28,30.8
2026-08-24 10:00:00,6,3,439,79.3,25.63
2026-08-24 10:00:00,9,4,891,73.2,20.0
2026-08-24 10:00:00,7,5,757,85.35,20.09
2026-08-24 11:00:00,6,1,841,73.52,18.24
2026-08-24 11:00:00,5,2,584,58.27,29.35
2026-08-24 11:00:00,5,3,761,55.9,29.13
2026-08-24 11:00:00,7,4,872,72.19,18.13
2026-08-24 11:00:00,3,5,413,81.26,25.29
2026-08-24 12:00:00,1,1,552,70.61,24.92
2026-08-24 12:00:00,4,2,446,49.4,10.61
2026-08-24 12:00:00,3,3,306,68.96,24.02
2026-08-24 12:00:00,1,4,904,86.71,27.97
2026-08-24 12:00:00,3,5,593,55.98,8.11
2026-08-24 13:00:00,9,1,485,55.48,27.51
2026-08-24 13:00:00,5,2,359,73.75,22.74
2026-08-24 13:00:00,2,3,368,61.27,14.6
2026-08-24 13:00:00,5,4,389,63.38,27.96
2026-08-24 13:00:00,3,5,613,46.96,17.32
2026-08-24 14:00:00,9,1,541,61.18,15.2
2026-08-24 14:00:00,2,2,539,88.4,28.79
2026-08-24 14:00:00,8,3,296,55.43,13.33
2026-08-24 14:00:00,4,4,377,44.56,15.07
2026-08-24 14:00:00,1,5,741,87.92,19.29
2026-08-24 15:00:00,7,1,571,60.08,30.73
2026-08-24 15:00:00,1,2,879,63.74,14.58
2026-08-24 15:00:00,7,3,645,57.65,20.42
2026-08-24 15:00:00,2,4,441,81.58,12.22
2026-08-24 15:00:00,1,5,518,62.47,24.47
2026-08-24 16:00:00,2,1,196,29.05,15.72
2026-08-24 16:00:00,4,2,117,25.98,29.36
2026-08-24 16:00:00,7,3,186,27.64,26.87
2026-08-24 16:00:00,9,4,344,33.09,26.54
2026-08-24 16:00:00,5,5,212,38.04,16.55
2026-08-24 17:00:00,3,1,394,41.91,22.95
2026-08-24 17:00:00,9,2,445,33.37,17.51
2026-08-24 17:00:00,3,3,391,35.59,18.56
2026-08-24 17:00:00,6,4,102,14.33,9.2
2026-08-24 17:00:00,5,5,121,16.56,26.69
2026-08-24 18:00:00,7,1,507,37.42,30.16
2026-08-24 18:00:00,2,2,360,39.2,27.31
2026-08-24 18:00:00,2,3,282,35.58,22.08
2026-08-24 18:00:00,7,4,313,24.87,21.99
2026-08-24 18:00:00,3,5,477,37.72,22.65
2026-08-24 19:00:00,4,1,292,33.41,21.0
2026-08-24 19:00:00,1,2,231,38.89,18.11
2026-08-24 19:00:00,4,3,131,22.97,21.75
2026-08-24 19:00:00,8,4,275,31.13,24.41
2026-08-24 19:00:00,7,5,158,38.06,23.45
2026-08-24 20:00:00,1,1,102,17.4,24.5
2026-08-24 20:00:00,3,2,370,36.93,16.16
2026-08-24 20:00:00,7,3,250,36.17,9.05
2026-08-24 20:00:00,2,4,288,24.9,29.76
2026-08-24 20:00:00,4,5,271,22.57,24.81
2026-08-24 21:00:00,3,1,416,32.65,17.76
2026-08-24 21:00:00,8,2,136,28.05,28.5
2026-08-24 21:00:00,7,3,192,30.54,15.01
2026-08-24 21:00:00,6,4,271,33.05,11.7
2026-08-24 21:00:00,2,5,346,39.97,18.07
2026-08-24 22:00:00,5,1,115,27.61,13.27
2026-08-24 22:00:00,6,2,333,36.05,23.65
2026-08-24 22:00:00,7,3,221,20.08,24.88
2026-08-24 22:00:00,4,4,228,26.34,15.95
2026-08-24 22:00:00,7,5,97,21.3,19.89
2026-08-24 23:00:00,9,1,116,17.52,19.14
2026-08-24 23:00:00,9,2,147,30.6,18.69
2026-08-24 23:00:00,2,3,189,24.09,27.17
2026-08-24 23:00:00,1,4,365,39.82,26.68
2026-08-24 23:00:00,6,5,83,18.49,30.05
2026-08-25 00:00:00,5,1,165,25.62,18.15
2026-08-25 00:00:00,2,2,334,41.06,8.58
2026-08-25 00:00:00,1,3,84,18.43,20.85
2026-08-25 00:00:00,3,4,258,35.39,10.99
2026-08-25 00:00:00,9,5,241,23.96,24.1
2026-08-25 01:00:00,3,1,123,11.87,20.42
2026-08-25 01:00:00,9,2,153,28.97,12.61
2026-08-25 01:00:00,7,3,346,34.88,8.57
2026-08-25 01:00:00,4,4,115,16.72,12.24
2026-08-25 01:00:00,7,5,511,40.35,27.3
2026-08-25 02:00:00,6,1,564,39.05,14.18
2026-08-25 02:00:00,4,2,231,35.15,11.7
2026-08-25 02:00:00,3,3,326,41.8,10.51
2026-08-25 02:00:00,9,4,162,40.66,20.26
2026-08-25 02:00:00,7,5,158,19.87,30.18
2026-08-25 03:00:00,6,1,310,27.39,27.94
2026-08-25 03:00:00,9,2,153,21.25,25.32
2026-08-25 03:00:00,4,3,230,23.87,17.35
2026-08-25 03:00:00,7,4,233,30.44,20.66
2026-08-25 03:00:00,1,5,284,44.2,9.66
2026-08-25 04:00:00,7,1,204,27.7,23.57
2026-08-25 04:00:00,4,2,368,27.9,18.29
2026-08-25 04:00:00,8,3,354,44.55,24.46
2026-08-25 04:00:00,6,4,150,28.23,25.77
2026-08-25 04:00:00,2,5,238,29.2,12.66
2026-08-25 05:00:00,1,1,200,26.11,11.13
2026-08-25 05:00:00,5,2,180,18.81,12.4
2026-08-25 05:00:00,1,3,130,23.04,9.95
2026-08-25 05:00:00,7,4,292,43.83,13.54
2026-08-25 05:00:00,1,5,395,44.81,31.71
2026-08-25 06:00:00,8,1,375,36.96,27.67
2026-08-25 06:00:00,5,2,96,20.09,24.98
2026-08-25 06:00:00,6,3,223,35.23,16.83
2026-08-25 06:00:00,6,4,108,18.02,17.57
2026-08-25 06:00:00,1,5,165,27.17,17.55
2026-08-25 07:00:00,1,1,320,30.8,31.05
2026-08-25 07:00:00,2,2,249,22.72,13.01
2026-08-25 07:00:00,2,3,117,17.24,28.96
2026-08-25 07:00:00,4,4,400,38.63,15.71
2026-08-25 07:00:00,3,5,102,17.23,15.96
2026-08-25 08:00:00,8,1,189,25.96,15.19
2026-08-25 08:00:00,1,2,103,17.88,17.86
2026-08-25 08:00:00,9,3,404,39.75,15.76
2026-08-25 08:00:00,1,4,172,37.93,9.71
2026-08-25 08:00:00,3,5,374,36.26,25.28
2026-08-25 09:00:00,9,1,209,23.06,27.6
2026-08-25 09:00:00,7,2,274,30.79,14.87
2026-08-25 09:00:00,5,3,129,32.35,16.04
2026-08-25 09:00:00,1,4,183,43.81,18.52
2026-08-25 09:00:00,6,5,397,36.11,11.13
2026-08-25 10:00:00,4,1,787,62.0,13.0
2026-08-25 10:00:00,1,2,575,61.71,9.35
2026-08-25 10:00:00,4,3,622,82.65,31.91
2026-08-25 10:00:00,6,4,450,64.0,18.89
2026-08-25 10:00:00,1,5,1001,75.8,10.98
2026-08-25 11:00:00,9,1,732,79.34,17.05
2026-08-25 11:00:00,4,2,895,84.65,24.87
2026-08-25 11:00:00,8,3,308,54.54,21.42
2026-08-25 11:00:00,3,4,763,80.46,22.31
2026-08-25 11:00:00,8,5,443,60.35,29.55
2026-08-25 12:00:00,6,1,628,89.05,30.92
2026-08-25 12:00:00,8,2,207,48.19,22.1
2026-08-25 12:00:00,2,3,555,69.87,24.25
2026-08-25 12:00:00,5,4,1012,78.65,20.03
2026-08-25 12:00:00,8,5,694,81.37,9.34
2026-08-25 13:00:00,3,1,290,49.72,27.98
2026-08-25 13:00:00,8,2,953,71.67,11.33
2026-08-25 13:00:00,3,3,590,69.32,18.93
2026-08-25 13:00:00,5,4,958,88.25,21.21
2026-08-25 13:00:00,1,5,541,46.49,25.7
2026-08-25 14:00:00,2,1,468,68.41,22.37
2026-08-25 14:00:00,9,2,992,73.65,12.34
2026-08-25 14:00:00,9,3,519,54.92,23.71
2026-08-25 14:00:00,8,4,385,73.83,19.23
2026-08-25 14:00:00,1,5,950,73.71,16.64
2026-08-25 15:00:00,6,1,671,85.95,14.43
2026-08-25 15:00:00,9,2,660,58.43,9.96
2026-08-25 15:00:00,7,3,953,88.06,15.05
2026-08-25 15:00:00,4,4,952,77.38,27.77
2026-08-25 15:00:00,6,5,633,86.38,19.94
2026-08-25 16:00:00,6,1,119,17.58,23.11
2026-08-25 16:00:00,7,2,142,30.76,21.65
2026-08-25 16:00:00,9,3,159,23.08,9.03
2026-08-25 16:00:00,4,4,231,24.4,21.8
2026-08-25 16:00:00,6,5,88,22.22,28.45
2026-08-25 17:00:00,1,1,353,38.0,16.44
2026-08-25 17:00:00,2,2,405,40.19,24.68
2026-08-25 17:00:00,3,3,155,36.2,28.96
2026-08-25 17:00:00,5,4,377,28.2,20.29
2026-08-25 17:00:00,2,5,160,14.25,18.2
2026-08-25 18:00:00,8,1,284,25.34,27.1
2026-08-25 18:00:00,7,2,363,39.43,19.24
2026-08-25 18:00:00,3,3,334,38.69,19.78
2026-08-25 18:00:00,9,4,209,37.84,18.87
2026-08-25 18:00:00,5,5,98,13.27,22.58
2026-08-25 19:00:00,7,1,164,39.07,28.59
2026-08-25 19:00:00,4,2,147,22.56,27.2
2026-08-25 19:00:00,4,3,323,40.13,31.39
2026-08-25 19:00:00,6,4,206,25.77,14.26
2026-08-25 19:00:00,7,5,225,25.62,13.9
2026-08-25 20:00:00,4,1,150,21.12,9.67
2026-08-25 20:00:00,7,2,206,24.19,11.33
2026-08-25 20:00:00,1,3,453,37.41,30.19
2026-08-25 20:00:00,8,4,95,23.03,30.78
2026-08-25 20:00:00,4,5,274,33.37,27.63
2026-08-25 21:00:00,7,1,382,37.96,11.07
2026-08-25 21:00:00,6,2,77,14.18,21.69
2026-08-25 21:00:00,5,3,144,20.31,21.43
2026-08-25 21:00:00,1,4,190,15.2,15.32
2026-08-25 21:00:00,5,5,551,42.93,30.35
2026-08-25 22:00:00,9,1,193,20.14,15.69
2026-08-25 22:00:00,5,2,132,34.23,14.2
2026-08-25 22:00:00,6,3,68,19.2,10.51
2026-08-25 22:00:00,4,4,311,42.59,13.38
2026-08-25 22:00:00,2,5,139,22.02,28.58
2026-08-25 23:00:00,3,1,487,46.34,20.39
2026-08-25 23:00:00,7,2,118,19.77,23.78
2026-08-25 23:00:00,9,3,224,32.51,14.56
2026-08-25 23:00:00,5,4,292,28.39,20.73
2026-08-25 23:00:00,8,5,280,34.81,12.21
2026-08-26 00:00:00,9,1,215,26.47,17.3
2026-08-26 00:00:00,9,2,210,43.24,23.53
2026-08-26 00:00:00,4,3,367,38.55,11.35
2026-08-26 00:00:00,1,4,405,46.43,10.14
2026-08-26 00:00:00,8,5,314,28.57,31.05
2026-08-26 01:00:00,7,1,138,28.76,19.62
2026-08-26 01:00:00,4,2,515,43.91,9.78
2026-08-26 01:00:00,7,3,337,43.4,14.38
2026-08-26 01:00:00,1,4,135,22.91,16.64
2026-08-26 01:00:00,6,5,367,43.68,10.65
2026-08-26 02:00:00,4,1,246,28.33,27.04
2026-08-26 02:00:00,3,2,476,42.82,15.05
2026-08-26 02:00:00,4,3,143,18.62,26.31
2026-08-26 02:00:00,2,4,184,23.18,14.49
2026-08-26 02:00:00,1,5,256,25.03,19.13
2026-08-26 03:00:00,1,1,117,13.98,20.36
2026-08-26 03:00:00,2,2,385,34.99,8.07
2026-08-26 03:00:00,1,3,186,42.6,15.64
2026-08-26 03:00:00,9,4,251,25.4,17.57
2026-08-26 03:00:00,5,5,62,17.86,14.96
2026-08-26 04:00:00,1,1,515,42.26,31.44
2026-08-26 04:00:00,5,2,153,21.98,18.3
2026-08-26 04:00:00,1,3,230,23.47,13.5
2026-08-26 04:00:00,6,4,292,46.63,11.14
2026-08-26 04:00:00,1,5,226,20.68,14.19
2026-08-26 05:00:00,4,1,176,21.29,19.84
2026-08-26 05:00:00,2,2,287,36.84,23.48
2026-08-26 05:00:00,5,3,125,17.03,30.02
2026-08-26 05:00:00,6,4,269,29.79,13.48
2026-08-26 05:00:00,7,5,381,35.57,11.34
2026-08-26 06:00:00,2,1,286,28.25,21.65
2026-08-26 06:00:00,2,2,315,25.46,21.62
2026-08-26 06:00:00,8,3,113,23.31,24.57
2026-08-26 06:00:00,3,4,116,25.38,17.78
2026-08-26 06:00:00,7,5,320,33.4,20.05
2026-08-26 07:00:00,8,1,479,42.15,30.4
2026-08-26 07:00:00,5,2,266,26.09,29.57
2026-08-26 07:00:00,5,3,249,36.05,27.99
2026-08-26 07:00:00,3,4,422,34.21,8.13
2026-08-26 07:00:00,9,5,174,38.71,27.39
2026-08-26 08:00:00,7,1,175,18.32,27.31
2026-08-26 08:00:00,2,2,151,13.56,22.69
2026-08-26 08:00:00,8,3,139,20.52,25.2
2026-08-26 08:00:00,4,4,430,39.24,19.92
2026-08-26 08:00:00,4,5,289,43.77,19.01
2026-08-26 09:00:00,8,1,211,19.77,30.87
2026-08-26 09:00:00,7,2,288,27.7,18.8
2026-08-26 09:00:00,6,3,392,35.71,16.04
2026-08-26 09:00:00,8,4,192,29.89,14.86
2026-08-26 09:00:00,4,5,284,34.78,25.75
2026-08-26 10:00:00,4,1,441,80.11,8.64
2026-08-26 10:00:00,7,2,436,49.56,28.05
2026-08-26 10:00:00,7,3,464,62.78,11.72
2026-08-26 10:00:00,2,4,410,47.88,22.81
2026-08-26 10:00:00,4,5,1015,89.71,30.92
2026-08-26 11:00:00,8,1,928,75.09,29.83
2026-08-26 11:00:00,1,2,612,58.11,10.98
2026-08-26 11:00:00,4,3,771,61.04,16.25
2026-08-26 11:00:00,9,4,1031,77.67,28.03
2026-08-26 11:00:00,8,5,606,75.76,20.76
2026-08-26 12:00:00,9,1,1066,83.85,25.44
2026-08-26 12:00:00,2,2,421,57.9,29.83
2026-08-26 12:00:00,8,3,446,82.8,20.65
2026-08-26 12:00:00,7,4,629,71.68,28.31
2026-08-26 12:00:00,9,5,622,71.42,21.24
2026-08-26 13:00:00,6,1,737,65.35,24.52
2026-08-26 13:00:00,1,2,601,59.56,15.0
2026-08-26 13:00:00,8,3,751,78.98,24.43
2026-08-26 13:00:00,4,4,869,66.29,18.66
2026-08-26 13:00:00,5,5,891,84.13,9.74
2026-08-26 14:00:00,1,1,594,61.23,23.21
2026-08-26 14:00:00,3,2,400,73.64,27.7
2026-08-26 14:00:00,9,3,518,57.44,26.46
2026-08-26 14:00:00,8,4,713,71.69,23.63
2026-08-26 14:00:00,9,5,542,68.92,29.29
2026-08-26 15:00:00,6,1,507,47.47,24.96
2026-08-26 15:00:00,6,2,569,62.11,15.08
2026-08-26 15:00:00,7,3,339,53.95,22.57
2026-08-26 15:00:00,6,4,1052,83.67,23.91
2026-08-26 15:00:00,9,5,682,55.86,24.73
2026-08-26 16:00:00,2,1,396,31.82,21.33
2026-08-26 16:00:00,4,2,331,26.34,11.39
2026-08-26 16:00:00,2,3,137,18.24,9.1
2026-08-26 16:00:00,5,4,290,38.89,31.0
2026-08-26 16:00:00,7,5,140,15.11,20.72
2026-08-26 17:00:00,4,1,348,29.9,21.36
2026-08-26 17:00:00,9,2,536,40.27,20.64
2026-08-26 17:00:00,1,3,375,35.49,23.95
2026-08-26 17:00:00,2,4,348,44.8,17.41
2026-08-26 17:00:00,1,5,166,23.03,14.81
2026-08-26 18:00:00,4,1,322,43.14,17.64
2026-08-26 18:00:00,8,2,161,23.87,27.98
2026-08-26 18:00:00,4,3,64,15.44,25.16
2026-08-26 18:00:00,6,4,472,37.88,25.52
2026-08-26 18:00:00,9,5,160,33.26,23.47
2026-08-26 19:00:00,4,1,538,49.2,29.14
2026-08-26 19:00:00,1,2,244,45.6,16.18
2026-08-26 19:00:00,2,3,390,34.66,25.51
2026-08-26 19:00:00,5,4,425,35.39,31.71
2026-08-26 19:00:00,5,5,263,38.67,20.07
2026-08-26 20:00:00,6,1,184,17.11,9.93
2026-08-26 20:00:00,4,2,220,42.13,21.61
2026-08-26 20:00:00,8,3,262,29.51,14.81
2026-08-26 20:00:00,1,4,327,33.18,20.08
2026-08-26 20:00:00,1,5,296,36.87,31.8
2026-08-26 21:00:00,1,1,186,15.34,30.15
2026-08-26 21:00:00,7,2,172,28.28,9.79
2026-08-26 21:00:00,2,3,282,24.16,29.53
2026-08-26 21:00:00,1,4,159,29.92,25.64
2026-08-26 21:00:00,1,5,252,43.18,19.91
2026-08-26 22:00:00,5,1,473,40.8,10.15
2026-08-26 22:00:00,3,2,224,42.07,9.99
2026-08-26 22:00:00,6,3,357,45.8,21.34
2026-08-26 22:00:00,2,4,157,25.47,10.57
2026-08-26 22:00:00,9,5,290,36.16,14.9
2026-08-26 23:00:00,2,1,97,19.7,19.76
2026-08-26 23:00:00,3,2,142,20.32,20.31
2026-08-26 23:00:00,5,3,59,15.28,30.11
2026-08-26 23:00:00,5,4,447,45.37,23.72
2026-08-26 23:00:00,5,5,59,16.79,29.68
2026-08-27 00:00:00,8,1,377,43.27,15.84
2026-08-27 00:00:00,9,2,241,35.02,10.26
2026-08-27 00:00:00,9,3,79,12.23,21.74
2026-08-27 00:00:00,8,4,383,33.16,26.8
2026-08-27 00:00:00,2,5,188,20.68,31.51
2026-08-27 01:00:00,6,1,364,38.14,18.84
2026-08-27 01:00:00,5,2,61,21.17,26.75
2026-08-27 01:00:00,4,3,244,26.09,18.37
2026-08-27 01:00:00,7,4,328,36.65,26.78
2026-08-27 01:00:00,1,5,223,23.8,9.8
2026-08-27 02:00:00,8,1,360,36.16,9.7
2026-08-27 02:00:00,6,2,123,15.12,13.14
2026-08-27 02:00:00,8,3,484,39.77,29.17
2026-08-27 02:00:00,3,4,183,29.71,27.71
2026-08-27 02:00:00,4,5,141,33.01,29.62
2026-08-27 03:00:00,2,1,127,25.35,17.09
2026-08-27 03:00:00,3,2,114,21.91,19.48
2026-08-27 03:00:00,7,3,249,41.25,10.73
2026-08-27 03:00:00,8,4,189,34.85,30.39
2026-08-27 03:00:00,1,5,137,23.91,17.46
2026-08-27 04:00:00,6,1,463,36.99,26.93
2026-08-27 04:00:00,9,2,306,29.89,28.52
2026-08-27 04:00:00,9,3,228,22.79,18.13
2026-08-27 04:00:00,3,4,361,37.11,30.26
2026-08-27 04:00:00,8,5,435,34.77,28.2
2026-08-27 05:00:00,6,1,91,14.6,15.3
2026-08-27 05:00:00,3,2,503,41.06,29.11
2026-08-27 05:00:00,2,3,209,31.37,21.85
2026-08-27 05:00:00,8,4,164,20.34,20.33
2026-08-27 05:00:00,1,5,259,35.35,22.25
2026-08-27 06:00:00,2,1,402,38.58,28.01
2026-08-27 06:00:00,9,2,158,33.28,18.27
2026-08-27 06:00:00,5,3,273,25.4,8.79
2026-08-27 06:00:00,7,4,360,41.88,28.01
2026-08-27 06:00:00,3,5,185,27.5,19.52
2026-08-27 07:00:00,8,1,267,31.62,10.24
2026-08-27 07:00:00,7,2,90,17.45,11.53
2026-08-27 07:00:00,7,3,371,25.83,26.64
2026-08-27 07:00:00,4,4,171,28.76,25.95
2026-08-27 07:00:00,3,5,386,33.02,22.88
2026-08-27 08:00:00,6,1,150,29.93,8.22
2026-08-27 08:00:00,9,2,379,45.62,17.79
2026-08-27 08:00:00,5,3,223,18.59,14.47
2026-08-27 08:00:00,9,4,388,35.03,11.38
2026-08-27 08:00:00,1,5,154,16.32,30.99
2026-08-27 09:00:00,9,1,180,32.14,30.05
2026-08-27 09:00:00,8,2,171,28.45,23.23
2026-08-27 09:00:00,3,3,341,32.61,29.08
2026-08-27 09:00:00,4,4,371,35.37,17.01
2026-08-27 09:00:00,8,5,131,29.72,23.68
2026-08-27 10:00:00,6,1,291,47.36,20.34
2026-08-27 10:00:00,8,2,688,61.44,23.83
2026-08-27 10:00:00,4,3,587,81.72,29.84
2026-08-27 10:00:00,4,4,368,58.08,30.91
2026-08-27 10:00:00,5,5,359,52.6,25.16
2026-08-27 11:00:00,1,1,686,72.89,15.35
2026-08-27 11:00:00,7,2,982,70.93,15.64
2026-08-27 11:00:00,8,3,866,79.37,20.14
2026-08-27 11:00:00,6,4,938,73.29,11.43
2026-08-27 11:00:00,7,5,975,76.69,9.06
2026-08-27 12:00:00,8,1,694,74.62,25.36
2026-08-27 12:00:00,1,2,520,51.73,8.15
2026-08-27 12:00:00,4,3,317,42.36,25.15
2026-08-27 12:00:00,9,4,1061,84.64,15.9
2026-08-27 12:00:00,9,5,574,61.44,11.95
2026-08-27 13:00:00,4,1,751,83.3,25.76
2026-08-27 13:00:00,1,2,944,72.98,30.82
2026-08-27 13:00:00,3,3,409,48.36,28.22
2026-08-27 13:00:00,1,4,591,72.15,30.09
2026-08-27 13:00:00,6,5,445,46.46,31.93
2026-08-27 14:00:00,7,1,729,93.24,11.38
2026-08-27 14:00:00,9,2,819,77.41,10.36
2026-08-27 14:00:00,5,3,344,54.61,14.71
2026-08-27 14:00:00,7,4,760,85.02,26.54
2026-08-27 14:00:00,2,5,373,51.84,25.7
2026-08-27 15:00:00,9,1,1022,76.65,11.31
2026-08-27 15:00:00,4,2,825,86.38,29.14
2026-08-27 15:00:00,8,3,1143,88.83,20.67
2026-08-27 15:00:00,9,4,279,57.88,24.8
2026-08-27 15:00:00,8,5,339,47.74,9.67
2026-08-27 16:00:00,2,1,169,36.12,22.05
2026-08-27 16:00:00,1,2,227,41.66,25.06
2026-08-27 16:00:00,4,3,108,19.23,21.13
2026-08-27 16:00:00,7,4,140,16.81,18.27
2026-08-27 16:00:00,6,5,393,40.19,22.82
2026-08-27 17:00:00,6,1,300,38.79,22.85
2026-08-27 17:00:00,7,2,311,34.95,13.09
2026-08-27 17:00:00,4,3,137,19.35,28.91
2026-08-27 17:00:00,9,4,303,30.62,25.96
2026-08-27 17:00:00,6,5,69,16.5,8.63
2026-08-27 18:00:00,7,1,100,23.1,18.52
2026-08-27 18:00:00,2,2,401,38.49,21.53
2026-08-27 18:00:00,3,3,350,33.76,12.96
2026-08-27 18:00:00,9,4,267,29.87,29.08
2026-08-27 18:00:00,3,5,119,16.78,21.01
2026-08-27 19:00:00,4,1,181,42.9,11.64
2026-08-27 19:00:00,9,2,243,47.62,19.54
2026-08-27 19:00:00,2,3,272,38.16,12.5
2026-08-27 19:00:00,3,4,267,27.19,17.11
2026-08-27 19:00:00,2,5,477,43.16,11.4
2026-08-27 20:00:00,2,1,158,25.29,21.8
2026-08-27 20:00:00,3,2,170,20.94,9.23
2026-08-27 20:00:00,8,3,217,33.01,24.45
2026-08-27 20:00:00,9,4,265,33.3,11.36
2026-08-27 20:00:00,3,5,178,27.83,29.76
2026-08-27 21:00:00,6,1,145,31.4,19.1
2026-08-27 21:00:00,3,2,138,14.52,21.35
2026-08-27 21:00:00,3,3,377,36.59,31.05
2026-08-27 21:00:00,9,4,320,36.52,30.36
2026-08-27 21:00:00,2,5,135,20.58,15.02
2026-08-27 22:00:00,9,1,357,40.41,31.63
2026-08-27 22:00:00,6,2,250,30.16,14.85
2026-08-27 22:00:00,7,3,308,40.97,28.78
2026-08-27 22:00:00,9,4,410,29.85,31.8
2026-08-27 22:00:00,5,5,76,17.86,9.19
2026-08-27 23:00:00,6,1,122,16.76,17.01
2026-08-27 23:00:00,6,2,90,16.29,30.01
2026-08-27 23:00:00,8,3,305,28.99,9.95
2026-08-27 23:00:00,5,4,261,22.93,20.18
2026-08-27 23:00:00,7,5,304,37.84,25.17
2026-08-28 00:00:00,4,1,106,21.72,16.99
2026-08-28 00:00:00,2,2,483,36.67,27.67
2026-08-28 00:00:00,8,3,227,25.31,11.1
2026-08-28 00:00:00,7,4,133,13.1,18.39
2026-08-28 00:00:00,8,5,474,34.28,18.26
2026-08-28 01:00:00,3,1,244,37.27,27.48
2026-08-28 01:00:00,1,2,231,30.73,13.45
2026-08-28 01:00:00,3,3,272,28.33,17.32
2026-08-28 01:00:00,6,4,190,28.72,10.55
2026-08-28 01:00:00,3,5,136,13.84,14.64
2026-08-28 02:00:00,5,1,307,38.05,12.78
2026-08-28 02:00:00,2,2,219,42.18,16.28
2026-08-28 02:00:00,4,3,323,35.79,27.76
2026-08-28 02:00:00,4,4,208,41.32,21.09
2026-08-28 02:00:00,5,5,173,34.33,12.47
2026-08-28 03:00:00,9,1,108,17.49,19.91
2026-08-28 03:00:00,5,2,281,47.53,20.76
2026-08-28 03:00:00,9,3,516,40.4,10.61
2026-08-28 03:00:00,1,4,171,43.48,17.36
2026-08-28 03:00:00,1,5,338,37.02,23.97
2026-08-28 04:00:00,7,1,406,38.8,19.97
2026-08-28 04:00:00,9,2,245,43.75,13.8
2026-08-28 04:00:00,5,3,246,26.46,24.41
2026-08-28 04:00:00,5,4,100,18.92,31.13
2026-08-28 04:00:00,3,5,172,27.56,30.76
2026-08-28 05:00:00,5,1,325,24.19,31.01
2026-08-28 05:00:00,6,2,235,22.61,30.47
2026-08-28 05:00:00,8,3,338,35.23,28.34
2026-08-28 05:00:00,2,4,278,33.8,31.57
2026-08-28 05:00:00,6,5,272,21.24,20.24
2026-08-28 06:00:00,5,1,88,20.55,15.48
2026-08-28 06:00:00,4,2,505,43.12,17.09
2026-08-28 06:00:00,4,3,262,31.15,23.8
2026-08-28 06:00:00,1,4,183,23.0,17.03
2026-08-28 06:00:00,9,5,234,26.15,9.16
2026-08-28 07:00:00,7,1,461,35.08,11.64
2026-08-28 07:00:00,1,2,143,13.29,26.4
2026-08-28 07:00:00,4,3,191,18.76,22.08
2026-08-28 07:00:00,4,4,263,23.84,15.84
2026-08-28 07:00:00,2,5,433,34.59,28.65
2026-08-28 08:00:00,3,1,321,37.87,12.99
2026-08-28 08:00:00,3,2,126,18.45,20.89
2026-08-28 08:00:00,8,3,285,29.08,20.39
2026-08-28 08:00:00,4,4,141,16.22,23.88
2026-08-28 08:00:00,3,5,121,21.65,14.36
2026-08-28 09:00:00,8,1,344,30.58,13.84
2026-08-28 09:00:00,2,2,269,28.58,28.97
2026-08-28 09:00:00,8,3,446,46.52,26.93
2026-08-28 09:00:00,5,4,394,41.78,21.45
2026-08-28 09:00:00,8,5,404,45.73,29.01
2026-08-28 10:00:00,4,1,1012,85.92,27.32
2026-08-28 10:00:00,2,2,862,76.22,11.15
2026-08-28 10:00:00,5,3,333,48.78,22.37
2026-08-28 10:00:00,6,4,527,75.34,30.09
2026-08-28 10:00:00,1,5,726,88.78,23.91
2026-08-28 11:00:00,5,1,527,70.91,15.35
2026-08-28 11:00:00,8,2,637,54.46,12.17
2026-08-28 11:00:00,7,3,598,53.08,22.65
2026-08-28 11:00:00,4,4,395,55.39,28.93
2026-08-28 11:00:00,5,5,463,45.18,13.25
2026-08-28 12:00:00,2,1,1084,91.95,31.68
2026-08-28 12:00:00,1,2,752,64.05,10.99
2026-08-28 12:00:00,7,3,643,64.37,20.72
2026-08-28 12:00:00,1,4,325,57.29,22.05
2026-08-28 12:00:00,2,5,255,47.49,24.82
2026-08-28 13:00:00,3,1,650,73.1,20.78
2026-08-28 13:00:00,4,2,736,60.77,31.87
2026-08-28 13:00:00,4,3,714,71.04,30.39
2026-08-28 13:00:00,7,4,578,61.29,13.91
2026-08-28 13:00:00,3,5,306,48.56,17.68
2026-08-28 14:00:00,5,1,352,61.33,10.57
2026-08-28 14:00:00,6,2,343,72.46,8.85
2026-08-28 14:00:00,9,3,352,47.6,14.4
2026-08-28 14:00:00,3,4,658,72.85,24.61
2026-08-28 14:00:00,8,5,312,50.83,18.78
2026-08-28 15:00:00,6,1,269,60.94,24.71
2026-08-28 15:00:00,4,2,399,51.45,8.5
2026-08-28 15:00:00,1,3,285,55.97,13.86
2026-08-28 15:00:00,5,4,491,80.3,20.55
2026-08-28 15:00:00,4,5,670,60.16,24.26
2026-08-28 16:00:00,1,1,562,46.77,16.49
2026-08-28 16:00:00,8,2,233,31.11,14.12
2026-08-28 16:00:00,5,3,400,42.26,10.99
2026-08-28 16:00:00,6,4,226,21.48,18.94
2026-08-28 16:00:00,8,5,127,13.92,13.32
2026-08-28 17:00:00,5,1,451,44.88,9.98
2026-08-28 17:00:00,9,2,102,23.15,21.1
2026-08-28 17:00:00,6,3,140,14.3,15.71
2026-08-28 17:00:00,1,4,197,35.3,9.05
2026-08-28 17:00:00,7,5,426,42.56,11.37
2026-08-28 18:00:00,4,1,184,31.78,22.09
2026-08-28 18:00:00,2,2,147,21.96,25.99
2026-08-28 18:00:00,2,3,148,25.36,12.39
2026-08-28 18:00:00,6,4,119,13.99,17.95
2026-08-28 18:00:00,3,5,535,40.3,22.8
2026-08-28 19:00:00,8,1,200,27.28,14.19
2026-08-28 19:00:00,3,2,192,32.0,8.47
2026-08-28 19:00:00,3,3,460,40.84,28.49
2026-08-28 19:00:00,7,4,204,38.99,23.48
2026-08-28 19:00:00,2,5,155,29.46,9.65
2026-08-28 20:00:00,2,1,289,33.49,9.96
2026-08-28 20:00:00,3,2,206,22.88,20.16
2026-08-28 20:00:00,3,3,154,16.44,25.84
2026-08-28 20:00:00,4,4,132,20.85,9.86
2026-08-28 20:00:00,3,5,270,33.7,11.65
2026-08-28 21:00:00,3,1,337,36.58,24.89
2026-08-28 21:00:00,8,2,430,36.72,17.36
2026-08-28 21:00:00,2,3,292,30.86,22.49
2026-08-28 21:00:00,4,4,273,30.4,28.42
2026-08-28 21:00:00,7,5,186,27.21,15.32
2026-08-28 22:00:00,4,1,353,37.45,16.73
2026-08-28 22:00:00,7,2,177,26.11,14.87
2026-08-28 22:00:00,4,3,354,32.2,14.8
2026-08-28 22:00:00,6,4,181,21.56,29.22
2026-08-28 22:00:00,8,5,132,20.35,10.04
2026-08-28 23:00:00,4,1,243,23.45,23.63
2026-08-28 23:00:00,2,2,174,22.28,16.88
2026-08-28 23:00:00,1,3,167,21.55,25.86
2026-08-28 23:00:00,7,4,304,31.87,12.11
2026-08-28 23:00:00,6,5,142,24.53,11.96
2026-08-29 00:00:00,1,1,280,32.9,11.72
2026-08-29 00:00:00,5,2,118,23.22,9.81
2026-08-29 00:00:00,6,3,542,44.87,8.55
2026-08-29 00:00:00,1,4,127,12.7,27.94
2026-08-29 00:00:00,6,5,421,43.9,25.66
2026-08-29 01:00:00,2,1,310,32.23,21.74
2026-08-29 01:00:00,2,2,124,12.15,10.01
2026-08-29 01:00:00,4,3,273,25.32,21.53
2026-08-29 01:00:00,1,4,105,17.19,16.98
2026-08-29 01:00:00,8,5,191,19.57,27.01
2026-08-29 02:00:00,8,1,300,37.91,25.02
2026-08-29 02:00:00,7,2,413,34.91,24.24
2026-08-29 02:00:00,7,3,241,21.46,28.65
2026-08-29 02:00:00,1,4,68,17.59,18.05
2026-08-29 02:00:00,4,5,432,42.19,21.94
2026-08-29 03:00:00,1,1,100,13.81,25.73
2026-08-29 03:00:00,1,2,159,21.14,23.39
2026-08-29 03:00:00,4,3,169,24.01,20.36
2026-08-29 03:00:00,2,4,497,38.09,14.78
2026-08-29 03:00:00,9,5,264,38.29,15.67
2026-08-29 04:00:00,8,1,193,30.78,30.93
2026-08-29 04:00:00,3,2,133,30.83,9.3
2026-08-29 04:00:00,6,3,246,24.94,22.01
2026-08-29 04:00:00,1,4,401,38.98,21.07
2026-08-29 04:00:00,6,5,419,42.14,19.7
2026-08-29 05:00:00,8,1,196,29.15,23.78
2026-08-29 05:00:00,9,2,106,18.01,21.61
2026-08-29 05:00:00,9,3,184,16.48,19.98
2026-08-29 05:00:00,4,4,577,41.84,25.67
2026-08-29 05:00:00,4,5,212,35.21,31.11
2026-08-29 06:00:00,9,1,191,25.64,28.71
2026-08-29 06:00:00,7,2,159,19.01,21.75
2026-08-29 06:00:00,3,3,500,40.98,25.05
2026-08-29 06:00:00,9,4,284,36.68,31.32
2026-08-29 06:00:00,6,5,168,20.76,31.65
2026-08-29 07:00:00,5,1,415,42.8,11.54
2026-08-29 07:00:00,8,2,216,24.83,8.84
2026-08-29 07:00:00,5,3,135,16.92,8.88
2026-08-29 07:00:00,4,4,328,33.98,28.7
2026-08-29 07:00:00,2,5,160,39.08,18.28
2026-08-29 08:00:00,9,1,448,33.38,24.08
2026-08-29 08:00:00,1,2,349,43.67,15.76
2026-08-29 08:00:00,2,3,329,42.29,29.48
2026-08-29 08:00:00,9,4,167,30.69,13.0
2026-08-29 08:00:00,6,5,315,31.13,13.06
2026-08-29 09:00:00,9,1,356,37.29,23.68
2026-08-29 09:00:00,8,2,90,12.95,13.41
2026-08-29 09:00:00,9,3,311,30.75,20.78
2026-08-29 09:00:00,1,4,217,44.06,23.32
2026-08-29 09:00:00,7,5,383,35.91,19.63
2026-08-29 10:00:00,1,1,575,61.11,30.15
2026-08-29 10:00:00,8,2,742,71.71,17.17
2026-08-29 10:00:00,4,3,345,50.63,23.51
2026-08-29 10:00:00,8,4,730,83.17,15.76
2026-08-29 10:00:00,6,5,766,63.81,10.19
2026-08-29 11:00:00,4,1,666,78.0,31.51
2026-08-29 11:00:00,4,2,850,86.2,14.24
2026-08-29 11:00:00,6,3,759,75.73,17.48
2026-08-29 11:00:00,9,4,686,59.36,10.18
2026-08-29 11:00:00,4,5,591,89.75,23.18
2026-08-29 12:00:00,9,1,734,83.29,16.67
2026-08-29 12:00:00,9,2,379,73.32,17.99
2026-08-29 12:00:00,4,3,955,79.58,18.64
2026-08-29 12:00:00,6,4,419,58.69,17.96
2026-08-29 12:00:00,6,5,691,55.27,8.57
2026-08-29 13:00:00,5,1,315,46.82,27.91
2026-08-29 13:00:00,5,2,497,85.12,9.21
2026-08-29 13:00:00,8,3,851,81.13,10.36
2026-08-29 13:00:00,5,4,914,68.53,19.98
2026-08-29 13:00:00,6,5,524,48.48,22.78
2026-08-29 14:00:00,4,1,434,67.1,23.86
2026-08-29 14:00:00,2,2,786,76.12,27.54
2026-08-29 14:00:00,8,3,709,58.53,21.3
2026-08-29 14:00:00,7,4,671,78.01,8.5
2026-08-29 14:00:00,6,5,507,53.18,23.53
2026-08-29 15:00:00,1,1,705,65.11,29.39
2026-08-29 15:00:00,4,2,611,64.26,10.18
2026-08-29 15:00:00,1,3,988,74.51,18.96
2026-08-29 15:00:00,6,4,558,53.87,30.94
2026-08-29 15:00:00,5,5,477,61.04,10.08
2026-08-29 16:00:00,3,1,407,37.99,19.63
2026-08-29 16:00:00,5,2,347,33.67,14.59
2026-08-29 16:00:00,1,3,267,30.1,11.66
2026-08-29 16:00:00,7,4,177,32.36,15.43
2026-08-29 16:00:00,8,5,211,28.74,8.74
2026-08-29 17:00:00,3,1,390,36.67,23.58
2026-08-29 17:00:00,9,2,140,23.49,10.36
2026-08-29 17:00:00,8,3,159,26.92,18.09
2026-08-29 17:00:00,6,4,500,39.41,18.45
2026-08-29 17:00:00,9,5,378,30.64,28.61
2026-08-29 18:00:00,5,1,116,11.09,20.07
2026-08-29 18:00:00,1,2,427,41.91,16.53
2026-08-29 18:00:00,4,3,291,20.86,19.56
2026-08-29 18:00:00,2,4,190,22.52,18.15
2026-08-29 18:00:00,1,5,239,26.97,14.94
2026-08-29 19:00:00,5,1,116,18.71,29.54
2026-08-29 19:00:00,3,2,111,27.75,9.91
2026-08-29 19:00:00,1,3,400,40.46,23.08
2026-08-29 19:00:00,8,4,122,22.74,29.91
2026-08-29 19:00:00,9,5,252,21.7,9.67
2026-08-29 20:00:00,1,1,155,19.86,9.5
2026-08-29 20:00:00,5,2,294,38.01,22.52
2026-08-29 20:00:00,4,3,325,36.82,17.03
2026-08-29 20:00:00,2,4,320,37.11,17.42
2026-08-29 20:00:00,1,5,185,42.84,23.25
2026-08-29 21:00:00,6,1,453,45.05,13.51
2026-08-29 21:00:00,3,2,352,28.17,31.37
2026-08-29 21:00:00,1,3,188,38.68,22.38
2026-08-29 21:00:00,7,4,239,37.63,12.28
2026-08-29 21:00:00,8,5,257,32.24,11.37
2026-08-29 22:00:00,2,1,297,32.2,16.76
2026-08-29 22:00:00,8,2,114,17.5,17.36
2026-08-29 22:00:00,3,3,269,43.22,11.43
2026-08-29 22:00:00,1,4,210,26.44,12.29
2026-08-29 22:00:00,3,5,230,29.56,16.47
2026-08-29 23:00:00,1,1,192,31.17,18.92
2026-08-29 23:00:00,6,2,586,40.06,19.93
2026-08-29 23:00:00,4,3,269,37.13,23.48
2026-08-29 23:00:00,1,4,61,20.45,24.99
2026-08-29 23:00:00,3,5,217,24.12,17.1
2026-08-30 00:00:00,1,1,101,12.91,27.22
2026-08-30 00:00:00,5,2,271,32.38,8.68
2026-08-30 00:00:00,2,3,481,37.47,21.74
2026-08-30 00:00:00,7,4,182,29.99,16.28
2026-08-30 00:00:00,2,5,281,39.51,21.3
2026-08-30 01:00:00,4,1,215,23.73,27.34
2026-08-30 01:00:00,9,2,177,18.05,19.21
2026-08-30 01:00:00,6,3,278,23.27,13.81
2026-08-30 01:00:00,8,4,122,22.42,29.92
2026-08-30 01:00:00,9,5,262,28.07,17.12
2026-08-30 02:00:00,8,1,59,12.16,15.93
2026-08-30 02:00:00,7,2,286,26.27,22.42
2026-08-30 02:00:00,9,3,316,22.72,14.2
2026-08-30 02:00:00,6,4,249,25.76,28.14
2026-08-30 02:00:00,8,5,123,28.11,25.7
2026-08-30 03:00:00,8,1,225,40.18,22.34
2026-08-30 03:00:00,5,2,379,35.38,9.37
2026-08-30 03:00:00,8,3,409,29.65,11.26
2026-08-30 03:00:00,1,4,108,18.17,15.22
2026-08-30 03:00:00,4,5,232,26.42,17.65
2026-08-30 04:00:00,7,1,172,12.95,30.56
2026-08-30 04:00:00,5,2,240,40.29,28.55
2026-08-30 04:00:00,5,3,367,29.03,31.78
2026-08-30 04:00:00,5,4,67,12.72,24.12
2026-08-30 04:00:00,2,5,331,45.61,8.38
2026-08-30 05:00:00,5,1,329,40.19,19.44
2026-08-30 05:00:00,6,2,524,48.92,15.38
2026-08-30 05:00:00,8,3,252,33.83,12.92
2026-08-30 05:00:00,3,4,173,29.56,15.84
2026-08-30 05:00:00,6,5,237,32.02,12.76
2026-08-30 06:00:00,6,1,526,42.28,13.51
2026-08-30 06:00:00,8,2,226,18.36,14.2
2026-08-30 06:00:00,9,3,195,20.76,17.88
2026-08-30 06:00:00,7,4,485,45.9,18.27
2026-08-30 06:00:00,1,5,136,23.31,27.0
2026-08-30 07:00:00,1,1,258,28.91,19.46
2026-08-30 07:00:00,6,2,487,44.83,15.86
2026-08-30 07:00:00,7,3,199,30.28,8.83
2026-08-30 07:00:00,6,4,241,36.08,16.03
2026-08-30 07:00:00,3,5,371,39.73,8.36
2026-08-30 08:00:00,4,1,420,41.4,13.2
2026-08-30 08:00:00,9,2,231,28.77,9.74
2026-08-30 08:00:00,6,3,217,16.76,28.87
2026-08-30 08:00:00,8,4,345,36.29,21.49
2026-08-30 08:00:00,2,5,256,29.3,10.06
2026-08-30 09:00:00,2,1,226,41.8,15.02
2026-08-30 09:00:00,6,2,298,26.57,15.35
2026-08-30 09:00:00,6,3,192,20.69,21.61
2026-08-30 09:00:00,8,4,350,28.62,17.06
2026-08-30 09:00:00,5,5,94,18.62,31.64
2026-08-30 10:00:00,4,1,436,59.33,11.51
2026-08-30 10:00:00,5,2,883,76.38,25.75
2026-08-30 10:00:00,5,3,884,70.29,25.53
2026-08-30 10:00:00,2,4,443,51.58,12.89
2026-08-30 10:00:00,3,5,266,46.22,11.61
2026-08-30 11:00:00,4,1,421,57.67,26.84
2026-08-30 11:00:00,9,2,849,69.06,8.65
2026-08-30 11:00:00,2,3,677,76.15,29.18
2026-08-30 11:00:00,6,4,300,47.64,20.6
2026-08-30 11:00:00,5,5,733,80.24,17.17
2026-08-30 12:00:00,5,1,678,52.68,26.61
2026-08-30 12:00:00,7,2,299,50.06,29.23
2026-08-30 12:00:00,5,3,935,66.43,21.65
2026-08-30 12:00:00,5,4,697,59.9,19.2
2026-08-30 12:00:00,7,5,291,61.87,31.82
2026-08-30 13:00:00,2,1,382,69.65,21.85
2026-08-30 13:00:00,9,2,624,55.61,15.58
2026-08-30 13:00:00,4,3,624,60.59,30.53
2026-08-30 13:00:00,5,4,863,85.83,12.02
2026-08-30 13:00:00,2,5,356,44.28,21.91
2026-08-30 14:00:00,8,1,518,81.02,19.08
2026-08-30 14:00:00,4,2,634,73.47,24.46
2026-08-30 14:00:00,3,3,520,54.03,25.98
2026-08-30 14:00:00,9,4,524,52.96,17.58
2026-08-30 14:00:00,3,5,814,59.24,31.13
2026-08-30 15:00:00,5,1,901,68.79,11.97
2026-08-30 15:00:00,2,2,233,45.05,22.12
2026-08-30 15:00:00,7,3,1163,80.14,9.56
2026-08-30 15:00:00,3,4,642,81.73,16.04
2026-08-30 15:00:00,5,5,366,49.03,15.85
2026-08-30 16:00:00,3,1,93,20.7,15.31
2026-08-30 16:00:00,4,2,228,43.91,31.45
2026-08-30 16:00:00,3,3,268,18.52,16.61
2026-08-30 16:00:00,2,4,396,34.71,9.8
2026-08-30 16:00:00,1,5,378,35.8,9.74
2026-08-30 17:00:00,4,1,140,23.22,19.0
2026-08-30 17:00:00,6,2,127,26.99,30.17
2026-08-30 17:00:00,6,3,294,42.04,13.98
2026-08-30 17:00:00,9,4,130,13.79,16.34
2026-08-30 17:00:00,9,5,166,18.58,30.33
2026-08-30 18:00:00,8,1,188,15.7,20.83
2026-08-30 18:00:00,3,2,161,36.24,29.93
2026-08-30 18:00:00,5,3,245,19.7,13.92
2026-08-30 18:00:00,8,4,157,20.13,24.11
2026-08-30 18:00:00,8,5,262,39.68,16.1
2026-08-30 19:00:00,2,1,253,30.44,21.72
2026-08-30 19:00:00,2,2,84,23.25,18.38
2026-08-30 19:00:00,9,3,541,39.85,29.86
2026-08-30 19:00:00,5,4,309,30.44,8.98
2026-08-30 19:00:00,9,5,455,44.19,30.42
2026-08-30 20:00:00,6,1,484,38.07,8.37
2026-08-30 20:00:00,6,2,295,27.28,21.42
2026-08-30 20:00:00,6,3,391,26.79,23.1
2026-08-30 20:00:00,5,4,435,42.89,28.52
2026-08-30 20:00:00,7,5,97,15.57,21.47
2026-08-30 21:00:00,1,1,301,40.54,15.07
2026-08-30 21:00:00,2,2,336,28.75,30.31
2026-08-30 21:00:00,1,3,112,13.93,23.49
2026-08-30 21:00:00,5,4,179,34.23,12.5
2026-08-30 21:00:00,6,5,181,18.93,30.86
2026-08-30 22:00:00,3,1,228,18.85,27.35
2026-08-30 22:00:00,7,2,472,38.01,13.01
2026-08-30 22:00:00,7,3,460,42.32,21.88
2026-08-30 22:00:00,4,4,63,17.9,27.91
2026-08-30 22:00:00,5,5,123,19.9,29.47
2026-08-30 23:00:00,5,1,309,32.78,25.56
2026-08-30 23:00:00,2,2,110,24.23,30.89
2026-08-30 23:00:00,4,3,355,30.09,29.06
2026-08-30 23:00:00,8,4,483,46.37,29.05
2026-08-30 23:00:00,1,5,162,30.34,16.38
